time,latitude,longitude,depth,mag,magType,nst,gap,dmin,rms,net,id,updated,place,type,horizontalError,depthError,magError,magNst,status,locationSource,magSource
2020-04-10T20:21:18.360Z,18.0413,-66.724,15,3.08,md,18,98,0.1178,0.18,pr,pr2020101031,2020-04-10T21:04:38.252Z,"1km S of Penuelas, Puerto Rico",earthquake,0.29,0.53,0.23,13,reviewed,pr,pr
2020-04-10T19:44:14.310Z,19.2123,-67.3721,47,3.68,md,21,213,0.7892,0.57,pr,pr2020101030,2020-04-10T21:03:29.040Z,"84km NNW of San Antonio, Puerto Rico",earthquake,2.66,9.04,0.14,13,reviewed,pr,pr
2020-04-10T18:50:56.380Z,18.0108,-66.8485,16,2.59,md,21,120,0.0471,0.2,pr,pr2020101029,2020-04-10T19:32:24.808Z,"2km S of Yauco, Puerto Rico",earthquake,0.43,0.79,0.32,14,reviewed,pr,pr
2020-04-10T18:45:49.519Z,5.6425,126.5887,76.92,5.1,mww,,126,1.737,0.75,us,us70008tex,2020-04-10T20:52:24.040Z,"91km SSE of Pondaguitan, Philippines",earthquake,8.8,9.1,0.08,15,reviewed,us,us
2020-04-10T18:40:13.800Z,17.9076,-66.7571,6,2.51,md,8,237,0.1395,0.21,pr,pr2020101028,2020-04-10T18:50:35.207Z,"10km SSW of Tallaboa, Puerto Rico",earthquake,1.09,0.54,0.21,8,reviewed,pr,pr
2020-04-10T18:03:12.230Z,36.2483333,-89.4013333,5.78,2.73,md,55,61,0.02377,0.18,nm,nm60286767,2020-04-10T20:30:21.040Z,"6km ESE of Ridgely, Tennessee",earthquake,0.24,0.48,0.121,38,reviewed,nm,nm
2020-04-10T17:54:22.240Z,17.9496,-66.6871,6,2.7,md,19,186,0.1234,0.14,pr,pr2020101027,2020-04-10T18:32:46.927Z,"5km SSE of Tallaboa, Puerto Rico",earthquake,0.4,0.22,0.19,12,reviewed,pr,pr
2020-04-10T17:08:34.220Z,17.9215,-66.8273,6,2.86,md,7,224,0.0746,0.26,pr,pr2020101026,2020-04-10T17:35:27.788Z,"8km S of Indios, Puerto Rico",earthquake,1.24,0.62,0.14,5,reviewed,pr,pr
2020-04-10T17:05:36.236Z,44.2749,-115.1247,7.41,2.5,ml,,67,0.277,0.96,us,us70008tdp,2020-04-10T19:51:07.040Z,"75km WSW of Challis, Idaho",earthquake,1.6,5.7,0.05,52,reviewed,us,us
2020-04-10T16:54:39.910Z,17.9518,-66.7128,7,2.59,md,16,186,0.1401,0.17,pr,pr2020101025,2020-04-10T17:11:46.460Z,"4km S of Tallaboa, Puerto Rico",earthquake,0.47,0.25,0.36,9,reviewed,pr,pr
2020-04-10T16:44:55.531Z,20.4267,122.1198,148.74,5.9,mww,,25,2.568,1.41,us,us70008tc8,2020-04-10T20:22:46.040Z,"15km E of Basco, Philippines",earthquake,5,5.5,0.053,34,reviewed,us,us
2020-04-10T16:38:06.874Z,-58.0753,-25.7163,69.39,5,mb,,89,7.11,0.85,us,us70008tc7,2020-04-10T16:57:07.040Z,"116km NNE of Bristol Island, South Sandwich Islands",earthquake,7.5,8.7,0.079,52,reviewed,us,us
2020-04-10T16:33:49.205Z,44.5341,-115.2309,10,3.3,ml,,65,0.446,1.09,us,us70008tc5,2020-04-10T20:17:50.534Z,"64km E of Cascade, Idaho",earthquake,1.4,2,0.046,63,reviewed,us,us
2020-04-10T15:53:50.430Z,44.273,-115.079,10,2.5,ml,,90,0.857,0.56,us,us70008tay,2020-04-10T16:02:07.040Z,"72km WSW of Challis, Idaho",earthquake,4.3,2,0.067,29,reviewed,us,us
2020-04-10T15:35:59.630Z,17.955,-66.9851,9,2.58,md,21,196,0.0609,0.13,pr,pr2020101024,2020-04-10T16:19:56.514Z,"6km ESE of La Parguera, Puerto Rico",earthquake,0.36,0.6,0.31,12,reviewed,pr,pr
2020-04-10T15:02:01.500Z,33.5,-116.5238333,10.49,2.54,ml,106,26,0.05766,0.18,ci,ci39380792,2020-04-10T20:15:41.040Z,"15km ESE of Anza, CA",earthquake,0.1,0.18,0.174,119,reviewed,ci,ci
2020-04-10T14:46:09.564Z,-23.1448,171.8073,47.82,4.6,mb,,125,4.639,1.24,us,us70008t9n,2020-04-10T15:13:01.040Z,"86km SSW of Ile Hunter, New Caledonia",earthquake,12.1,8.9,0.151,13,reviewed,us,us
2020-04-10T14:41:35.340Z,17.8181,-66.9351,4,2.54,md,17,240,0.1667,0.29,pr,pr2020101021,2020-04-10T15:25:49.832Z,"17km S of Guanica, Puerto Rico",earthquake,0.8,0.65,0.15,12,reviewed,pr,pr
2020-04-10T14:27:48.960Z,17.8348,-66.8843,5,2.97,md,20,230,0.1404,0.21,pr,pr2020101019,2020-04-10T14:57:26.631Z,"15km S of Guanica, Puerto Rico",earthquake,0.61,0.4,0.24,15,reviewed,pr,pr
2020-04-10T14:18:54.610Z,18.0333,-66.7881,14,2.81,md,19,98,0.1081,0.18,pr,pr2020101018,2020-04-10T14:56:49.735Z,"1km NNE of Guayanilla, Puerto Rico",earthquake,0.33,0.53,0.35,18,reviewed,pr,pr
2020-04-10T13:51:16.946Z,36.0209,70.0004,125.98,4.1,mb,,88,1.671,1.04,us,us70008t8i,2020-04-10T14:10:59.040Z,"62km SSE of Farkhar, Afghanistan",earthquake,9.5,13,0.261,4,reviewed,us,us
2020-04-10T12:52:25.030Z,17.9775,-66.7303,9,2.56,md,19,178,0.1402,0.17,pr,pr2020101017,2020-04-10T13:43:27.701Z,"2km SW of Tallaboa, Puerto Rico",earthquake,0.32,0.38,0.14,13,reviewed,pr,pr
2020-04-10T12:50:19.242Z,44.2995,-115.1901,10,2.8,ml,,65,0.257,0.75,us,us70008t7i,2020-04-10T13:12:28.040Z,"71km ESE of Cascade, Idaho",earthquake,1.4,2,0.066,30,reviewed,us,us
2020-04-10T12:11:41.380Z,17.9703,-66.9691,7,2.99,md,19,180,0.0751,0.25,pr,pr2020101016,2020-04-10T12:42:26.040Z,"6km WSW of Guanica, Puerto Rico",earthquake,0.72,0.3,0.3,13,reviewed,pr,pr
2020-04-10T11:19:37.624Z,-21.1131,-69.0743,132.21,4.4,mb,,41,0.392,0.98,us,us70008t6r,2020-04-10T12:04:19.040Z,"148km SE of Iquique, Chile",earthquake,6.1,5.9,0.241,5,reviewed,us,us
2020-04-10T11:03:38.610Z,17.8553,-66.851,7,2.86,md,21,221,0.1231,0.12,pr,pr2020101015,2020-04-10T11:53:39.417Z,"14km SSE of Guanica, Puerto Rico",earthquake,0.49,0.37,0.33,17,reviewed,pr,pr
2020-04-10T10:55:00.880Z,17.9676,-66.7476,10,2.61,md,15,190,0.1318,0.17,pr,pr2020101013,2020-04-10T11:25:03.488Z,"4km SW of Tallaboa, Puerto Rico",earthquake,0.45,0.36,0.49,14,reviewed,pr,pr
2020-04-10T10:22:57.238Z,41.9535,142.2847,59.85,4.5,mb,,88,1.481,0.76,us,us70008t5u,2020-04-10T11:54:46.040Z,"42km S of Shizunai, Japan",earthquake,7.5,6.9,0.052,107,reviewed,us,us
2020-04-10T10:08:23.030Z,18.0546,-66.8203,17,2.55,md,14,85,0.0989,0.35,pr,pr2020101012,2020-04-10T10:56:17.799Z,"3km NE of Yauco, Puerto Rico",earthquake,0.75,0.9,0.27,13,reviewed,pr,pr
2020-04-10T09:57:58.689Z,44.1272,-115.0747,13.21,2.7,ml,,74,0.261,0.69,us,us70008t5f,2020-04-10T10:28:44.040Z,"69km ENE of Idaho City, Idaho",earthquake,1.8,9.5,0.049,54,reviewed,us,us
2020-04-10T09:55:00.117Z,5.9091,123.6473,542.9,4.3,mb,,50,2.239,0.9,us,us70008t5j,2020-04-10T10:59:24.040Z,"68km WSW of Palimbang, Philippines",earthquake,10.3,8.9,0.068,62,reviewed,us,us
2020-04-10T09:42:18.140Z,32.3595,-115.307,10.3,2.99,ml,33,109,0.05985,0.31,ci,ci39380472,2020-04-10T14:48:48.833Z,"11km W of Delta, B.C., MX",earthquake,0.43,0.95,0.2,60,reviewed,ci,ci
2020-04-10T09:27:47.080Z,17.922,-66.8968,12,2.66,md,18,214,0.0559,0.2,pr,pr2020101011,2020-04-10T09:46:29.693Z,"5km SSE of Guanica, Puerto Rico",earthquake,0.88,0.63,0.39,16,reviewed,pr,pr
2020-04-10T09:07:55.630Z,18.0348,-66.8188,17,2.58,md,17,110,0.0849,0.2,pr,pr2020101010,2020-04-10T09:36:01.860Z,"3km E of Yauco, Puerto Rico",earthquake,0.48,0.51,0.31,15,reviewed,pr,pr
2020-04-10T08:59:14.220Z,36.4055,-120.6281667,10.7,3.43,mw,129,46,0.2121,0.18,nc,nc73366700,2020-04-10T16:26:44.083Z,"4km ESE of New Idria, CA",earthquake,0.16,0.58,,4,reviewed,nc,nc
2020-04-10T08:56:37.190Z,18.0311,-66.8168,17,2.61,md,21,115,0.0838,0.19,pr,pr2020101009,2020-04-10T09:32:23.308Z,"2km WNW of Guayanilla, Puerto Rico",earthquake,0.45,0.47,0.4,20,reviewed,pr,pr
2020-04-10T07:54:14.233Z,61.64,-149.8306,18.6,3.2,ml,,,,0.77,ak,ak0204n5roxf,2020-04-10T18:12:45.042Z,"2km NE of Houston, Alaska",earthquake,,0.5,,,automatic,ak,ak
2020-04-10T07:21:30.550Z,32.3496667,-115.3141667,4.98,2.7,ml,31,110,0.07006,0.26,ci,ci39380312,2020-04-10T15:03:03.590Z,"11km W of Delta, B.C., MX",earthquake,0.44,1.16,0.148,51,reviewed,ci,ci
2020-04-10T06:46:16.418Z,-2.9375,146.6487,10,4.5,mb,,64,1.141,0.85,us,us70008t2d,2020-04-10T07:10:33.040Z,"122km SW of Lorengau, Papua New Guinea",earthquake,6.8,1.9,0.125,19,reviewed,us,us
2020-04-10T06:37:57.640Z,18.3313,-66.6021,125,3.16,md,20,99,0.1526,0.26,pr,pr2020101007,2020-04-10T18:35:45.635Z,"5km SW of Estancias de Florida, Puerto Rico",earthquake,1.67,0.68,0.24,18,reviewed,pr,pr
2020-04-10T05:49:11.230Z,32.3551667,-116.4251667,23.97,3.4,ml,55,73,0.2062,0.22,ci,ci39380224,2020-04-10T20:20:40.737Z,"28km S of Campo, CA",earthquake,0.32,0.72,0.162,255,reviewed,ci,ci
2020-04-10T05:31:30.480Z,17.8303,-66.8578,7,2.75,md,20,258,0.1464,0.17,pr,pr2020101006,2020-04-10T06:14:24.040Z,"21km SSE of Guanica, Puerto Rico",earthquake,0.54,0.44,0.28,18,reviewed,pr,pr
2020-04-10T05:25:26.094Z,38.3401,-115.2355,6.1,3,ml,21,79.48,0.275,0.191,nn,nn00721464,2020-04-10T16:23:40.699Z,"63km SSE of Currant, Nevada",earthquake,,1.3,0.38,10,reviewed,nn,nn
2020-04-10T04:40:18.954Z,12.5196,143.9972,10,5,mb,,71,1.36,0.69,us,us70008t0m,2020-04-10T16:50:20.144Z,"110km SW of Merizo Village, Guam",earthquake,10.4,1.9,0.061,86,reviewed,us,us
2020-04-10T03:46:21.337Z,-3.1052,146.8024,10,4.9,mb,,73,1.195,0.83,us,us70008szx,2020-04-10T04:06:12.040Z,"130km SSW of Lorengau, Papua New Guinea",earthquake,7.1,1.9,0.096,34,reviewed,us,us
2020-04-10T03:31:11.880Z,17.8555,-66.8696,13,2.62,md,19,248,0.12,0.18,pr,pr2020101003,2020-04-10T03:56:43.321Z,"13km SSE of Guanica, Puerto Rico",earthquake,0.73,0.42,0.38,15,reviewed,pr,pr
2020-04-10T02:34:37.390Z,17.9015,-66.9181,11,2.51,md,14,228,0.0832,0.24,pr,pr2020101002,2020-04-10T03:17:33.288Z,"7km S of Guanica, Puerto Rico",earthquake,0.96,0.87,0.25,10,reviewed,pr,pr
2020-04-10T01:38:42.670Z,17.9788,-66.728,9,3.12,md,20,178,0.1376,0.18,pr,pr2020101001,2020-04-10T04:59:54.227Z,"2km SW of Tallaboa, Puerto Rico",earthquake,0.41,0.46,0.17,19,reviewed,pr,pr
2020-04-10T01:06:03.037Z,38.3342,-97.0004,10,2.8,mb_lg,,98,0.8,0.38,us,us70008sx5,2020-04-10T18:13:34.020Z,"2km SE of Marion, Kansas",earthquake,2.6,2,0.057,81,reviewed,us,us
2020-04-10T00:46:56.470Z,17.7766,-66.9121,8,2.5,md,14,279,0.2012,0.18,pr,pr2020101000,2020-04-10T01:24:40.788Z,"21km S of Guanica, Puerto Rico",earthquake,0.75,1.02,0.16,6,reviewed,pr,pr
2020-04-10T00:26:59.861Z,18.9919,121.1142,35,4.4,mb,,114,3.806,0.69,us,us70008swu,2020-04-10T03:00:00.040Z,"42km N of Claveria, Philippines",earthquake,12.1,2,0.095,32,reviewed,us,us
2020-04-10T00:20:31.089Z,-21.4796,33.4543,10,4.5,mb,,57,7.271,1.12,us,us70008swk,2020-04-10T11:22:08.193Z,"167km SSE of Chipinge, Zimbabwe",earthquake,8.8,1.8,0.102,28,reviewed,us,us
2020-04-09T22:48:51.920Z,39.2403333,-123.2505,2.21,2.62,md,41,69,0.05232,0.13,nc,nc73366540,2020-04-10T20:50:35.349Z,"5km SW of Redwood Valley, CA",earthquake,0.21,0.77,0.123,27,reviewed,nc,nc
2020-04-09T21:23:44.054Z,40.9401,37.2677,10,4.2,mb,,29,0.86,1.11,us,us70008ssz,2020-04-10T03:14:27.176Z,"7km N of Kumru, Turkey",earthquake,3.5,1.9,0.086,37,reviewed,us,us
2020-04-09T20:48:26.990Z,44.3933333,-115.1988333,8.4,2.72,ml,13,82,0.899,0.27,mb,mb80401309,2020-04-09T21:07:18.520Z,"68km ESE of Cascade, Idaho",earthquake,0.66,1.55,0.202,16,reviewed,mb,mb
2020-04-09T20:35:29.410Z,18.0053,-66.8248,16,2.54,md,11,159,0.0622,0.21,pr,pr2020100017,2020-04-09T20:48:27.691Z,"1km NNW of Indios, Puerto Rico",earthquake,0.75,1.14,0.25,7,reviewed,pr,pr
2020-04-09T20:10:29.487Z,44.3105,-115.0959,10,3,ml,,64,0.315,0.46,us,us70008sqh,2020-04-10T04:12:54.309Z,"72km WSW of Challis, Idaho",earthquake,1.2,2,0.041,78,reviewed,us,us
2020-04-09T19:59:42.420Z,18.007,-66.8735,11,3.08,md,20,92,0.0324,0.33,pr,pr2020100016,2020-04-10T00:48:15.382Z,"1km WSW of Indios, Puerto Rico",earthquake,0.61,0.66,0.36,16,reviewed,pr,pr
2020-04-09T19:51:36.521Z,36.5658,71.2676,219.59,4.5,mb,,65,2.715,0.73,us,us70008spr,2020-04-09T22:07:36.040Z,"27km WSW of Ashkasham, Afghanistan",earthquake,7.8,7.5,0.041,174,reviewed,us,us
2020-04-09T19:19:50.572Z,44.2616,-115.1108,10,2.5,ml,,68,0.277,0.46,us,us70008snn,2020-04-10T03:22:21.127Z,"75km WSW of Challis, Idaho",earthquake,2,2,0.051,50,reviewed,us,us
2020-04-09T18:41:56.160Z,17.9603,-66.8301,12,2.6,md,14,184,0.0513,0.12,pr,pr2020100015,2020-04-09T19:06:16.710Z,"3km SSW of Indios, Puerto Rico",earthquake,0.55,0.3,0.35,9,reviewed,pr,pr
2020-04-09T18:17:59.199Z,50.7576,-179.9627,10,3.9,mb,,237,0.775,0.76,us,us70008sky,2020-04-09T20:29:03.040Z,"82km SW of Amatignak Island, Alaska",earthquake,10.1,2,0.081,40,reviewed,us,us
2020-04-09T17:56:59.140Z,17.9323,-66.9538,5,2.59,md,8,229,0.086,0.17,pr,pr2020100014,2020-04-09T18:13:06.454Z,"6km SW of Guanica, Puerto Rico",earthquake,0.72,0.54,0.45,8,reviewed,pr,pr
2020-04-09T17:54:18.717Z,32.57,96.2744,10,4.1,mb,,94,5.257,1.25,us,us70008sjv,2020-04-09T20:13:51.040Z,"83km SW of Gyegu, China",earthquake,7.5,1.9,0.12,19,reviewed,us,us
2020-04-09T17:26:26.534Z,-5.3353,68.6633,10,5.4,mww,,40,4.294,0.85,us,us70008sj4,2020-04-10T17:28:33.298Z,"Chagos Archipelago region",earthquake,4,1.8,0.093,11,reviewed,us,us
2020-04-09T16:57:15.601Z,-7.1752,129.2783,145.22,4.6,mb,,50,2.157,0.81,us,us70008shn,2020-04-09T20:26:50.040Z,"240km WNW of Saumlaki, Indonesia",earthquake,7.6,7.5,0.087,45,reviewed,us,us
2020-04-09T16:07:53.372Z,-30.6708,-177.0325,10,5,mb,,76,1.62,0.67,us,us70008sfy,2020-04-09T23:49:04.776Z,"176km SSE of Raoul Island, New Zealand",earthquake,10.6,1.9,0.061,84,reviewed,us,us
2020-04-09T15:50:30.263Z,44.2488,-115.2278,14.83,2.6,ml,,69,0.202,0.75,us,us70008sfg,2020-04-09T23:16:09.193Z,"67km NE of Idaho City, Idaho",earthquake,2.1,6.4,0.043,72,reviewed,us,us
2020-04-09T15:13:52.870Z,17.974,-66.8385,10,2.99,md,20,179,0.0407,0.19,pr,pr2020100013,2020-04-09T16:43:37.040Z,"6km SSW of Indios, Puerto Rico",earthquake,0.4,0.41,0.19,17,reviewed,pr,pr
2020-04-09T14:16:49.832Z,52.7104,-170.5937,112.27,3.9,mb,,179,2.705,1.24,us,us70008sea,2020-04-09T18:15:39.093Z,"11km NE of Yunaska Island, Alaska",earthquake,6.9,15,0.076,46,reviewed,us,us
2020-04-09T14:06:51.736Z,-18.2029,-69.5807,152.75,5.1,mww,,73,0.617,1.16,us,us70008se7,2020-04-09T16:19:54.040Z,"2km WSW of Putre, Chile",earthquake,7.5,6.7,0.08,15,reviewed,us,us
2020-04-09T13:58:34.450Z,17.9428,-66.8463,15,2.8,md,15,191,0.0461,0.24,pr,pr2020100012,2020-04-09T14:38:56.150Z,"6km SSW of Indios, Puerto Rico",earthquake,0.99,0.5,0.2,9,reviewed,pr,pr
2020-04-09T13:31:19.080Z,17.9593,-66.8291,16,2.52,md,8,205,0.0525,0.13,pr,pr2020100011,2020-04-09T13:42:43.196Z,"3km SSW of Indios, Puerto Rico",earthquake,1.08,0.5,0.12,7,reviewed,pr,pr
2020-04-09T13:02:27.828Z,59.7721,-153.1807,102.6,2.9,ml,,,,0.64,ak,ak0204llhtq0,2020-04-09T16:25:04.040Z,"75km W of Anchor Point, Alaska",earthquake,,0.3,,,automatic,ak,ak
2020-04-09T12:44:45.010Z,17.8511,-66.8868,6,2.69,md,13,255,0.1242,0.19,pr,pr2020100010,2020-04-09T13:07:18.811Z,"13km S of Guanica, Puerto Rico",earthquake,0.68,0.42,0.17,10,reviewed,pr,pr
2020-04-09T12:20:36.910Z,24.8596,-45.8863,10,5.1,mb,,75,17.367,0.92,us,us70008sc8,2020-04-09T12:37:37.040Z,"Northern Mid-Atlantic Ridge",earthquake,11.3,1.9,0.033,301,reviewed,us,us
2020-04-09T12:11:18.071Z,13.2549,-87.7317,170.43,4.6,mb,,133,0.887,1,us,us70008sc0,2020-04-09T12:42:16.915Z,"9km WSW of Amapala, Honduras",earthquake,8.1,4.9,0.033,274,reviewed,us,us
2020-04-09T11:54:43.675Z,44.3267,-115.1399,9.83,2.8,ml,,48,0.302,0.85,us,us70008sbq,2020-04-09T13:32:26.040Z,"74km WSW of Challis, Idaho",earthquake,4.1,10.4,0.049,54,reviewed,us,us
2020-04-09T10:53:52.460Z,-35.869,-103.8833,10,5,mb,,74,24.315,0.86,us,us70008sb4,2020-04-09T12:42:22.040Z,"Southeast of Easter Island",earthquake,13.6,1.8,0.04,378,reviewed,us,us
2020-04-09T09:43:59.903Z,-24.1872,-67.0642,174.01,5,mb,,34,1.599,1.35,us,us70008sag,2020-04-09T10:02:00.040Z,"75km W of San Antonio de los Cobres, Argentina",earthquake,7.5,6.3,0.032,312,reviewed,us,us
2020-04-09T08:18:06.969Z,44.4797,-115.2405,12.05,2.5,ml,,62,0.393,1.01,us,us70008s9m,2020-04-09T19:31:58.160Z,"63km E of Cascade, Idaho",earthquake,1.6,9.8,0.05,52,reviewed,us,us
2020-04-09T08:09:16.765Z,44.5519,-115.2658,14.92,2.5,ml,,65,0.455,0.71,us,us70008s9h,2020-04-09T09:12:40.040Z,"61km E of Cascade, Idaho",earthquake,2.4,10,0.048,58,reviewed,us,us
2020-04-09T07:58:33.421Z,44.5279,-115.2406,17.05,2.9,ml,,65,0.438,0.55,us,us70008s94,2020-04-09T21:56:28.270Z,"63km E of Cascade, Idaho",earthquake,1.8,9.9,0.04,82,reviewed,us,us
2020-04-09T07:43:25.237Z,51.9796,-171.1627,53.71,4.1,mb,,177,3.027,1.22,us,us70008s8x,2020-04-09T08:36:38.040Z,"57km S of Amukta Island, Alaska",earthquake,9.6,10.1,0.074,50,reviewed,us,us
2020-04-09T07:43:23.637Z,53.4153,-171.8742,14.9,3.6,ml,,,,1.12,ak,ak0204li60es,2020-04-09T17:53:37.858Z,"111km NNW of Amukta Island, Alaska",earthquake,,3.5,,,reviewed,ak,ak
2020-04-09T07:38:53.360Z,17.8428,-66.838,7,2.68,md,14,256,0.1386,0.26,pr,pr2020100006,2020-04-09T07:53:49.496Z,"15km SSE of Maria Antonia, Puerto Rico",earthquake,0.87,0.69,0.32,12,reviewed,pr,pr
2020-04-09T07:15:37.290Z,33.5076667,-116.5298333,11.12,2.89,ml,117,27,0.04971,0.18,ci,ci39378536,2020-04-10T05:42:08.639Z,"14km ESE of Anza, CA",earthquake,0.1,0.24,0.157,175,reviewed,ci,ci
2020-04-09T07:02:37.269Z,12.6541,-88.1882,81.65,4.2,mb,,164,1.14,0.91,us,us70008s8l,2020-04-09T09:20:17.805Z,"61km SSW of Intipuca, El Salvador",earthquake,7.1,9,0.061,75,reviewed,us,us
2020-04-09T06:50:33.170Z,37.3172,71.8073,125.02,4.3,mb,,105,2.162,0.99,us,us70008s7x,2020-04-09T20:11:55.629Z,"6km NNW of Roshtqal'a, Tajikistan",earthquake,8.8,9.6,0.201,8,reviewed,us,us
2020-04-09T06:42:26.120Z,37.0458333,-112.9226667,12.44,2.78,ml,14,67,0.08568,0.17,uu,uu60376492,2020-04-09T20:48:05.059Z,"6km ENE of Hildale, Utah",earthquake,0.46,1.02,0.14,9,reviewed,uu,uu
2020-04-09T06:24:19.380Z,44.4824,-115.1952,10,3.7,ml,,98,0.408,0.64,us,us70008s7i,2020-04-10T12:22:30.663Z,"67km E of Cascade, Idaho",earthquake,2,2,0.03,144,reviewed,us,us
2020-04-09T05:30:12.730Z,17.9515,-66.8673,12,2.96,md,19,196,0.0264,0.13,pr,pr2020100004,2020-04-09T13:33:02.669Z,"6km SE of Guanica, Puerto Rico",earthquake,0.6,0.34,0.12,13,reviewed,pr,pr
2020-04-09T05:14:50.080Z,33.5068333,-116.5321667,11.03,3.05,ml,123,26,0.05054,0.2,ci,ci39378336,2020-04-10T06:39:22.230Z,"14km ESE of Anza, CA",earthquake,0.11,0.26,0.189,178,reviewed,ci,ci
2020-04-09T03:56:06.130Z,19.3326667,-155.169,1.1,2.55,ml,55,85,0.04654,0.12,hv,hv71465622,2020-04-09T21:36:53.240Z,"13km SSE of Volcano, Hawaii",earthquake,0.22,0.3,0.135,32,reviewed,hv,hv
2020-04-09T03:34:16.790Z,17.9303,-66.9061,7,2.72,md,18,210,0.0523,0.18,pr,pr2020100002,2020-04-09T03:47:17.544Z,"4km S of Guanica, Puerto Rico",earthquake,0.65,0.31,0.53,15,reviewed,pr,pr
2020-04-09T03:26:09.720Z,18.9891,-67.735,8,3.27,md,20,317,0.6566,0.34,pr,pr2020100003,2020-04-09T11:28:33.148Z,"85km NE of Punta Cana, Dominican Republic",earthquake,11.72,16.65,0.11,8,reviewed,pr,pr
2020-04-09T01:49:45.760Z,17.938,-66.8388,12,2.56,md,16,193,0.0549,0.23,pr,pr2020100000,2020-04-09T02:09:10.677Z,"6km SSW of Indios, Puerto Rico",earthquake,0.8,0.49,0.41,10,reviewed,pr,pr
2020-04-09T01:43:39.820Z,-1.8376,134.0941,38.01,4.6,mb,,221,2.133,0.78,us,us70008s4b,2020-04-09T02:03:07.040Z,"107km S of Manokwari, Indonesia",earthquake,12,12.7,0.132,17,reviewed,us,us
2020-04-09T01:41:19.578Z,44.5194,-115.3397,10,2.7,ml,,126,0.737,0.66,us,us70008s49,2020-04-09T01:50:45.040Z,"55km E of Cascade, Idaho",earthquake,3.8,2,0.047,60,reviewed,us,us
2020-04-09T01:18:12.297Z,63.0873,-148.5105,63,2.7,ml,,,,0.45,ak,ak0204leg0sa,2020-04-09T01:31:47.191Z,"36km SE of Cantwell, Alaska",earthquake,,0.5,,,automatic,ak,ak
2020-04-09T01:09:45.195Z,44.2772,-115.0693,14.67,2.8,ml,,67,0.311,0.8,us,us70008s40,2020-04-09T01:18:09.040Z,"71km WSW of Challis, Idaho",earthquake,1.9,9.8,0.042,74,reviewed,us,us
2020-04-09T00:34:17.060Z,44.2693,-115.1963,10,2.5,ml,,65,0.233,0.98,us,us70008s3l,2020-04-09T00:45:15.040Z,"70km NE of Idaho City, Idaho",earthquake,2.5,2,0.048,56,reviewed,us,us
2020-04-08T23:49:48.990Z,36.5161667,-120.447,16.47,2.56,md,54,73,0.3147,0.19,nc,nc73366070,2020-04-09T04:49:02.970Z,"12km W of Cantua Creek, CA",earthquake,0.27,0.85,0.261,67,reviewed,nc,nc
2020-04-08T23:49:20.017Z,24.282,121.8728,25.09,4.4,mb,,68,0.275,0.76,us,us70008s3c,2020-04-09T00:35:23.040Z,"35km S of Su'ao, Taiwan",earthquake,4,5.7,0.105,26,reviewed,us,us
2020-04-08T23:42:08.200Z,17.9798,-66.9458,6,2.53,md,20,170,0.0668,0.13,pr,pr2020099029,2020-04-09T00:20:56.793Z,"3km WSW of Fuig, Puerto Rico",earthquake,0.33,0.18,0.27,9,reviewed,pr,pr
2020-04-08T22:17:06.574Z,44.3569,-115.1652,13.64,3.2,ml,,62,0.942,0.66,us,us70008s1l,2020-04-08T23:09:35.550Z,"72km ESE of Cascade, Idaho",earthquake,3,10.4,0.037,98,reviewed,us,us
2020-04-08T21:38:59.856Z,-15.6471,-70.2695,233.06,4.3,mb,,144,2.074,1.38,us,us70008s0d,2020-04-09T18:26:42.849Z,"13km WNW of Atuncolla, Peru",earthquake,11,10.4,0.126,18,reviewed,us,us
2020-04-08T21:33:28.560Z,17.9868,-66.7796,12,2.56,md,13,170,0.1003,0.15,pr,pr2020099028,2020-04-08T21:44:48.900Z,"3km SSE of Guayanilla, Puerto Rico",earthquake,0.6,0.36,0.25,8,reviewed,pr,pr
2020-04-08T21:17:39.230Z,17.8611,-66.8661,10,2.56,md,10,246,0.1147,0.14,pr,pr2020099027,2020-04-08T21:44:36.180Z,"13km SSE of Guanica, Puerto Rico",earthquake,0.74,1.4,0.2,7,reviewed,pr,pr
2020-04-08T21:06:35.030Z,17.9506,-66.8676,12,3.02,md,19,196,0.0271,0.11,pr,pr2020099026,2020-04-08T21:41:57.040Z,"9km S of Indios, Puerto Rico",earthquake,0.53,0.32,0.21,13,reviewed,pr,pr
2020-04-08T20:04:49.052Z,13.6734,-91.957,10,4.5,mb,,166,0.883,1.26,us,us70008rx6,2020-04-08T22:24:02.040Z,"69km S of Champerico, Guatemala",earthquake,8.9,0.8,0.047,130,reviewed,us,us
2020-04-08T19:52:00.200Z,44.3504,-115.2202,10,2.9,ml,,70,0.923,0.69,us,us70008rwd,2020-04-08T22:56:05.260Z,"67km ESE of Cascade, Idaho",earthquake,2.4,2,0.039,86,reviewed,us,us
2020-04-08T19:49:15.474Z,-43.6347,172.544,10,3.7,ml,,91,0.107,0.98,us,us70008rwa,2020-04-09T05:04:29.354Z,"5km ENE of Lincoln, New Zealand",earthquake,4.2,2,0.081,20,reviewed,us,us
2020-04-08T19:30:12.140Z,17.9675,-66.9753,18,2.69,md,7,187,0.0689,0.39,pr,pr2020099025,2020-04-08T20:00:09.250Z,"6km WSW of Fuig, Puerto Rico",earthquake,1.81,1.6,0.1,4,reviewed,pr,pr
2020-04-08T19:12:34.810Z,18.0725,-66.7765,5,3.27,md,18,52,0.1415,0.19,pr,pr2020099024,2020-04-09T00:44:20.564Z,"2km WNW of Santo Domingo, Puerto Rico",earthquake,0.26,0.44,0.07,9,reviewed,pr,pr
2020-04-08T18:08:00.769Z,44.2883,-115.1594,10,2.7,ml,,66,0.903,0.99,us,us70008rty,2020-04-08T22:43:01.040Z,"74km ESE of Cascade, Idaho",earthquake,1.3,2,0.045,66,reviewed,us,us
2020-04-08T17:23:45.002Z,44.123,-115.0796,10,3.7,mwr,,74,0.739,1.04,us,us70008rt1,2020-04-09T04:54:35.771Z,"68km ENE of Idaho City, Idaho",earthquake,2,2,0.053,34,reviewed,us,us
2020-04-08T17:21:59.575Z,44.1475,-115.0938,10,3,ml,,101,0.764,1.09,us,us70008rt4,2020-04-09T04:09:23.671Z,"69km ENE of Idaho City, Idaho",earthquake,1.9,2,0.128,8,reviewed,us,us
2020-04-08T17:00:12.070Z,17.9783,-66.779,11,2.82,md,16,178,0.1002,0.21,pr,pr2020099023,2020-04-08T17:38:48.164Z,"4km SSE of Guayanilla, Puerto Rico",earthquake,0.53,0.43,0.32,6,reviewed,pr,pr
2020-04-08T15:35:51.862Z,44.3983,-115.1768,13.67,2.6,ml,,63,1,0.34,us,us70008rpu,2020-04-08T23:38:20.964Z,"70km E of Cascade, Idaho",earthquake,4.2,10.3,0.052,48,reviewed,us,us
2020-04-08T14:57:27.607Z,-2.8187,138.98,44.88,4.2,mb,,98,6.723,0.55,us,us70008rp6,2020-04-09T07:21:29.040Z,"179km W of Abepura, Indonesia",earthquake,7.3,9,0.128,17,reviewed,us,us
2020-04-08T14:32:49.760Z,10.4687,-83.3416,10,4.4,mb,,131,1.594,0.43,us,us70008rnq,2020-04-09T02:27:22.694Z,"42km N of Batan, Costa Rica",earthquake,8.4,1.9,0.081,44,reviewed,us,us
2020-04-08T14:30:36.383Z,51.3911,-178.3604,33.25,3.6,mb,,202,0.327,0.57,us,us70008rw7,2020-04-09T07:15:33.044Z,"54km ENE of Amatignak Island, Alaska",earthquake,3.1,10.3,0.158,10,reviewed,us,us
2020-04-08T14:17:30.283Z,44.3973,-115.1644,10,2.8,ml,,51,0.911,1,us,us70008rnf,2020-04-09T07:11:18.109Z,"71km E of Cascade, Idaho",earthquake,2,2,0.044,68,reviewed,us,us
2020-04-08T13:46:33.540Z,19.4683,-65.5153,84,3.79,md,13,313,1.3675,0.3,pr,pr2020099022,2020-04-09T06:38:55.040Z,"128km NNE of Vieques, Puerto Rico",earthquake,3.19,6.92,0.09,9,reviewed,pr,pr
2020-04-08T13:45:44.270Z,17.9643,-66.835,13,2.57,md,11,202,0.0455,0.39,pr,pr2020099021,2020-04-08T14:15:27.533Z,"3km SSW of Indios, Puerto Rico",earthquake,1.62,0.73,0.08,6,reviewed,pr,pr
2020-04-08T13:20:21.210Z,18.0156,-66.7705,14,3.03,md,19,78,0.116,0.19,pr,pr2020099020,2020-04-09T06:33:26.040Z,"1km E of Magas Arriba, Puerto Rico",earthquake,0.36,0.65,0.22,13,reviewed,pr,pr
2020-04-08T13:19:44.512Z,56.3412,-157.7253,44.9,2.8,ml,,,,0.68,ak,ak0204jy2620,2020-04-09T06:18:12.040Z,"61km E of Chignik Lake, Alaska",earthquake,,0.9,,,automatic,ak,ak
2020-04-08T12:14:28.180Z,17.8681,-66.8886,10,2.73,md,9,223,0.1074,0.37,pr,pr2020099019,2020-04-08T12:31:58.994Z,"11km S of Guanica, Puerto Rico",earthquake,1.15,1.35,0.27,4,reviewed,pr,pr
2020-04-08T11:50:03.740Z,17.9845,-66.8266,12,2.86,md,19,168,0.0534,0.2,pr,pr2020099018,2020-04-08T12:29:40.170Z,"1km SW of Indios, Puerto Rico",earthquake,0.48,0.35,0.3,12,reviewed,pr,pr
2020-04-08T11:35:22.600Z,17.9766,-66.7331,13,2.62,md,12,181,0.1431,0.14,pr,pr2020099017,2020-04-08T12:02:59.722Z,"2km SW of Tallaboa, Puerto Rico",earthquake,0.57,0.29,0.27,9,reviewed,pr,pr
2020-04-08T11:27:03.630Z,19.2286667,-155.4261667,31.1,3.12,md,62,128,0.02848,0.13,hv,hv71464172,2020-04-09T11:28:06.870Z,"6km NE of Pahala, Hawaii",earthquake,0.4,0.54,0.148,23,reviewed,hv,hv
2020-04-08T10:34:16.930Z,17.9231,-66.9138,11,3.2,md,16,224,0.0625,0.17,pr,pr2020099016,2020-04-08T12:03:23.592Z,"5km S of Guanica, Puerto Rico",earthquake,0.64,0.48,0.28,11,reviewed,pr,pr
2020-04-08T10:28:26.300Z,17.925,-66.9203,12,3.18,md,15,205,0.0648,0.23,pr,pr2020099015,2020-04-08T18:30:50.821Z,"5km S of Guanica, Puerto Rico",earthquake,0.89,0.44,0.18,12,reviewed,pr,pr
2020-04-08T10:06:24.080Z,17.9658,-66.8363,12,2.86,md,16,183,0.0439,0.17,pr,pr2020099014,2020-04-08T12:01:59.505Z,"3km SSW of Indios, Puerto Rico",earthquake,0.53,0.33,0.18,7,reviewed,pr,pr
2020-04-08T10:02:31.624Z,-15.7848,-177.5674,411.84,5.4,mww,,44,1.562,1.17,us,us70008rje,2020-04-09T10:04:11.727Z,"176km SSE of Sigave, Wallis and Futuna",earthquake,10.7,7,0.075,17,reviewed,us,us
2020-04-08T09:19:02.170Z,17.8613,-66.8723,13,2.69,md,16,223,0.114,0.19,pr,pr2020099013,2020-04-08T09:48:30.200Z,"12km SSE of Guanica, Puerto Rico",earthquake,0.85,0.41,0.17,15,reviewed,pr,pr
2020-04-08T08:52:04.926Z,44.4469,-115.2243,5.05,3.3,ml,,29,0.846,0.78,us,us70008rh4,2020-04-08T14:58:43.040Z,"65km E of Cascade, Idaho",earthquake,5.4,7.2,0.044,68,reviewed,us,us
2020-04-08T08:43:54.850Z,19.6066,-65.5368,47,3.9,md,21,227,1.4974,0.4,pr,pr2020099012,2020-04-08T21:54:59.673Z,"134km NNE of Vieques, Puerto Rico",earthquake,3.07,16.41,0.09,12,reviewed,pr,pr
2020-04-08T07:58:53.413Z,28.3217,142.5272,20.12,4.7,mb,,139,1.258,0.79,us,us70008rgm,2020-04-08T08:16:55.040Z,"140km NNE of Chichi-shima, Japan",earthquake,9.8,5.9,0.085,42,reviewed,us,us
2020-04-08T07:14:19.730Z,17.8318,-66.8838,4,3.17,md,18,233,0.1434,0.21,pr,pr2020099011,2020-04-08T09:30:51.660Z,"15km S of Guanica, Puerto Rico",earthquake,0.64,0.44,0.22,18,reviewed,pr,pr
2020-04-08T07:00:46.468Z,54.4251,-160.8094,10,2.6,ml,,,,0.72,ak,ak0204judiej,2020-04-08T19:09:56.491Z,"90km WSW of Chernabura Island, Alaska",earthquake,,0,,,reviewed,ak,ak
2020-04-08T06:24:22.510Z,17.9395,-66.8241,10,2.73,md,19,192,0.0656,0.23,pr,pr2020099009,2020-04-08T07:44:30.296Z,"6km S of Indios, Puerto Rico",earthquake,0.59,0.51,0.46,17,reviewed,pr,pr
2020-04-08T06:15:16.440Z,17.9985,-66.8135,11,2.56,md,15,152,0.0697,0.22,pr,pr2020099010,2020-04-08T09:39:06.932Z,"0km NE of Indios, Puerto Rico",earthquake,0.44,0.52,0.27,13,reviewed,pr,pr
2020-04-08T05:55:50.754Z,26.6883,126.649,103.53,5,mb,,55,1.459,0.95,us,us70008rei,2020-04-08T12:44:04.674Z,"115km WNW of Naha-shi, Japan",earthquake,7.6,7.6,0.054,109,reviewed,us,us
2020-04-08T05:53:57.473Z,23.405,87.0044,10,4,mb,,217,4.537,1.1,us,us70008s0k,2020-04-10T17:53:36.088Z,"18km NNW of Bankura, India",earthquake,8.7,2,0.259,4,reviewed,us,us
2020-04-08T05:14:21.006Z,44.5377,-115.2389,8.34,2.7,ml,,53,0.772,0.56,us,us70008rdp,2020-04-08T06:02:11.357Z,"63km E of Cascade, Idaho",earthquake,5.5,10.3,0.049,54,reviewed,us,us
2020-04-08T05:09:27.630Z,17.8426,-66.8845,6,3.2,md,19,230,0.1326,0.13,pr,pr2020099008,2020-04-08T06:00:44.964Z,"14km S of Guanica, Puerto Rico",earthquake,0.47,0.33,0.2,19,reviewed,pr,pr
2020-04-08T05:00:48.910Z,18.0111,-66.7678,13,2.48,md,14,143,0.1171,0.18,pr,pr2020099007,2020-04-08T05:30:25.204Z,"0km S of Magas Arriba, Puerto Rico",earthquake,0.55,0.42,0.09,9,reviewed,pr,pr
2020-04-08T04:54:47.262Z,59.597,-138.8093,0,3.1,ml,,,,0.87,ak,ak0204jswrn6,2020-04-08T05:04:56.900Z,"52km E of Yakutat, Alaska",earthquake,,0.6,,,automatic,ak,ak
2020-04-08T04:37:51.300Z,17.9646,-66.8206,9,2.68,md,15,188,0.0595,0.13,pr,pr2020099006,2020-04-08T05:31:01.187Z,"3km S of Indios, Puerto Rico",earthquake,0.33,0.5,0.37,10,reviewed,pr,pr
2020-04-08T04:03:49.240Z,33.4988333,-116.5225,10.38,2.63,ml,119,26,0.05894,0.18,ci,ci39142559,2020-04-09T01:03:29.763Z,"15km ESE of Anza, CA",earthquake,0.1,0.19,0.148,117,reviewed,ci,ci
2020-04-08T02:54:17.749Z,44.3312,-115.1438,10,2.5,ml,,63,0.932,0.65,us,us70008rb0,2020-04-08T03:03:05.040Z,"74km ESE of Cascade, Idaho",earthquake,2.4,2,0.05,52,reviewed,us,us
2020-04-08T02:53:37.320Z,33.499,-116.522,10.37,2.64,ml,113,26,0.05883,0.18,ci,ci39142391,2020-04-08T17:27:20.950Z,"15km ESE of Anza, CA",earthquake,0.1,0.19,0.148,107,reviewed,ci,ci
2020-04-08T01:59:39.140Z,51.8971667,178.2186667,6.37,2.57,ml,10,301,0.1883,0.21,av,av62154031,2020-04-10T04:19:27.551Z,"20km WSW of Little Sitkin Island, Alaska",earthquake,3.11,0.74,0.249,7,reviewed,av,av
2020-04-08T01:43:36.800Z,17.9318,-66.8668,11,2.91,md,18,196,0.045,0.2,pr,pr2020099004,2020-04-08T09:38:33.844Z,"5km SSE of Maria Antonia, Puerto Rico",earthquake,0.52,0.45,0.32,18,reviewed,pr,pr
2020-04-08T01:13:50.900Z,17.994,-66.8408,11,2.96,md,19,148,0.0428,0.16,pr,pr2020099003,2020-04-08T09:16:24.063Z,"1km NNE of Indios, Puerto Rico",earthquake,0.39,0.43,0.31,18,reviewed,pr,pr
2020-04-08T01:05:07.720Z,17.9778,-66.8313,11,2.95,md,19,177,0.048,0.12,pr,pr2020099002,2020-04-08T01:32:45.876Z,"2km SW of Indios, Puerto Rico",earthquake,0.32,0.44,0.34,16,reviewed,pr,pr
2020-04-08T01:00:14.260Z,33.4981667,-116.5228333,10.27,3.22,ml,127,26,0.05957,0.18,ci,ci39141967,2020-04-09T03:18:39.192Z,"15km ESE of Anza, CA",earthquake,0.1,0.18,0.148,165,reviewed,ci,ci
2020-04-08T00:36:56.400Z,33.4938333,-116.5156667,9.48,2.48,ml,108,27,0.06478,0.19,ci,ci39141711,2020-04-09T00:25:04.040Z,"16km ESE of Anza, CA",earthquake,0.11,0.25,0.167,44,reviewed,ci,ci
2020-04-08T00:36:09.070Z,33.5081667,-116.5136667,10.85,2.48,ml,36,56,0.05129,0.15,ci,ci37441221,2020-04-09T00:27:43.040Z,"16km ESE of Anza, CA",earthquake,0.21,0.38,0.081,20,reviewed,ci,ci
2020-04-08T00:35:56.820Z,33.5006667,-116.5236667,10.28,3.27,ml,122,26,0.05701,0.18,ci,ci39141695,2020-04-09T00:29:51.040Z,"15km ESE of Anza, CA",earthquake,0.1,0.18,0.165,169,reviewed,ci,ci
2020-04-08T00:30:49.230Z,33.4985,-116.5253333,9.98,3.54,ml,134,26,0.05903,0.19,ci,ci39141591,2020-04-09T00:33:06.040Z,"15km ESE of Anza, CA",earthquake,0.09,0.19,0.147,177,reviewed,ci,ci
2020-04-08T00:07:33.520Z,18.021,-66.7655,14,2.72,md,19,93,0.1226,0.15,pr,pr2020099001,2020-04-08T01:40:46.636Z,"0km NE of Magas Arriba, Puerto Rico",earthquake,0.26,0.42,0.27,17,reviewed,pr,pr
2020-04-08T00:01:56.480Z,17.9418,-66.8335,11,2.81,md,17,191,0.0565,0.19,pr,pr2020099000,2020-04-08T00:21:11.473Z,"5km SSW of Indios, Puerto Rico",earthquake,0.72,0.45,0.31,12,reviewed,pr,pr
2020-04-07T23:34:12.327Z,44.3351,-115.1273,10,2.9,ml,,80,0.928,0.34,us,us70008r6x,2020-04-10T03:09:06.040Z,"73km WSW of Challis, Idaho",earthquake,2,2,0.052,48,reviewed,us,us
2020-04-07T23:22:12.740Z,17.7896,-66.8811,2,3.03,md,18,250,0.1855,0.28,pr,pr2020098029,2020-04-08T00:21:56.681Z,"20km S of Guanica, Puerto Rico",earthquake,1.03,1.13,0.24,16,reviewed,pr,pr
2020-04-07T23:18:15.375Z,44.4477,-115.199,10,2.8,ml,,61,0.857,0.29,us,us70008r6e,2020-04-10T03:05:52.040Z,"67km E of Cascade, Idaho",earthquake,2.4,2,0.051,50,reviewed,us,us
2020-04-07T23:17:13.960Z,17.9215,-66.7526,6,2.97,md,19,195,0.1375,0.19,pr,pr2020098030,2020-04-08T00:28:17.040Z,"11km SSW of Tallaboa, Puerto Rico",earthquake,0.54,0.31,0.22,17,reviewed,pr,pr
2020-04-07T23:02:05.100Z,18.002,-66.8405,11,2.93,md,17,137,0.0471,0.19,pr,pr2020098028,2020-04-08T00:22:31.137Z,"2km WNW of Indios, Puerto Rico",earthquake,0.47,0.5,0.32,12,reviewed,pr,pr
2020-04-07T22:48:07.580Z,51.4085,-173.7068,12.01,3.5,ml,,220,0.9,0.58,us,us70008r6h,2020-04-08T06:50:43.036Z,"94km SSE of Atka, Alaska",earthquake,3.7,9.7,0.128,8,reviewed,us,us
2020-04-07T22:44:51.570Z,17.982,-66.9073,9,2.83,md,19,161,0.0289,0.16,pr,pr2020098027,2020-04-08T01:39:57.142Z,"1km N of Guanica, Puerto Rico",earthquake,0.4,0.48,0.15,15,reviewed,pr,pr
2020-04-07T22:13:20.426Z,57.285,-155.3142,49.8,2.5,ml,,,,0.4,ak,ak0204ifudjw,2020-04-07T22:36:04.040Z,"85km WSW of Larsen Bay, Alaska",earthquake,,2.1,,,automatic,ak,ak
2020-04-07T21:57:17.100Z,18.005,-66.7543,6,2.78,md,17,148,0.1284,0.17,pr,pr2020098025,2020-04-08T00:23:48.473Z,"2km SE of Magas Arriba, Puerto Rico",earthquake,0.39,0.26,0.25,13,reviewed,pr,pr
2020-04-07T21:51:26.516Z,39.8039,73.9581,18.62,4.6,mb,,87,1.69,0.86,us,us70008r3h,2020-04-07T22:17:24.040Z,"61km E of Sary-Tash, Kyrgyzstan",earthquake,6.1,4.9,0.079,47,reviewed,us,us
2020-04-07T21:37:07.140Z,17.9663,-66.8446,12,2.88,md,11,200,0.0357,0.12,pr,pr2020098024,2020-04-08T00:24:16.593Z,"4km SW of Indios, Puerto Rico",earthquake,0.7,0.4,0.01,3,reviewed,pr,pr
2020-04-07T21:28:01.410Z,17.84,-66.8423,6,3.17,md,17,255,0.14,0.19,pr,pr2020098023,2020-04-08T00:24:40.585Z,"16km SSE of Guanica, Puerto Rico",earthquake,0.62,0.42,0.18,6,reviewed,pr,pr
2020-04-07T21:26:06.550Z,36.7726667,-121.4983333,7.66,2.96,md,89,42,0.01982,0.16,nc,nc73365430,2020-04-10T02:55:22.040Z,"9km SSE of San Juan Bautista, CA",earthquake,0.18,0.35,0.167,103,reviewed,nc,nc
2020-04-07T21:06:09.680Z,35.7093333,-121.0613333,5.55,2.69,md,72,129,0.1439,0.08,nc,nc73365420,2020-04-09T00:16:09.040Z,"14km ENE of San Simeon, CA",earthquake,0.2,0.99,0.181,50,reviewed,nc,nc
2020-04-07T20:58:42.833Z,66.2153,-157.195,0,3,ml,,,,0.69,ak,ak0204iex7bv,2020-04-08T16:40:45.040Z,"74km S of Kobuk, Alaska",earthquake,,0.7,,,automatic,ak,ak
2020-04-07T20:46:17.104Z,63.0525,-150.7327,118.8,3.1,ml,,,,0.55,ak,ak0204ieukuy,2020-04-08T15:55:14.040Z,"88km NNW of Talkeetna, Alaska",earthquake,,0.4,,,automatic,ak,ak
2020-04-07T20:18:14.750Z,17.8186,-66.8941,5,2.83,md,13,267,0.1572,0.33,pr,pr2020098022,2020-04-07T21:40:42.148Z,"17km S of Guanica, Puerto Rico",earthquake,1.14,0.86,0.29,7,reviewed,pr,pr
2020-04-07T20:17:29.270Z,41.635,-109.8733333,-3.38,2.49,ml,16,154,0.1065,0.2,uu,uu60376107,2020-04-08T13:17:57.340Z,"35km WNW of Green River, Wyoming",earthquake,0.63,0.92,0.276,9,reviewed,uu,uu
2020-04-07T20:16:46.750Z,35.9585,-117.3671667,2.26,2.96,ml,36,52,0.09579,0.13,ci,ci39141103,2020-04-08T16:32:41.410Z,"22km N of Searles Valley, CA",earthquake,0.14,0.36,0.131,105,reviewed,ci,ci
2020-04-07T20:10:01.734Z,-6.3083,148.7672,54.7,4.7,mb,,100,3.464,0.84,us,us70008qz7,2020-04-07T20:50:10.040Z,"87km W of Kandrian, Papua New Guinea",earthquake,10.6,7.7,0.061,92,reviewed,us,us
2020-04-07T19:43:42.950Z,-18.0425,-177.7318,604.78,4.5,mb,,80,3.732,0.63,us,us70008qyg,2020-04-07T21:51:42.040Z,"Fiji region",earthquake,10.3,6.7,0.051,123,reviewed,us,us
2020-04-07T19:05:03.760Z,17.9983,-66.839,11,3.16,md,19,142,0.0464,0.13,pr,pr2020098021,2020-04-07T21:39:18.040Z,"5km SSW of Indios, Puerto Rico",earthquake,0.33,0.39,0.21,14,reviewed,pr,pr
2020-04-07T18:37:59.440Z,17.9786,-66.8978,8,3.09,md,19,189,0.0189,0.13,pr,pr2020098020,2020-04-07T21:22:25.040Z,"3km S of Guanica, Puerto Rico",earthquake,0.48,0.37,0.22,13,reviewed,pr,pr
2020-04-07T18:21:58.735Z,44.4645,-115.1954,1.66,2.6,ml,,62,0.846,1.23,us,us70008qvd,2020-04-07T21:00:24.040Z,"67km E of Cascade, Idaho",earthquake,1.7,2.3,0.043,70,reviewed,us,us
2020-04-07T18:21:33.860Z,17.893,-66.594,14,2.86,md,12,211,0.1503,0.11,pr,pr2020098019,2020-04-07T18:48:04.310Z,"13km S of Ponce, Puerto Rico",earthquake,0.51,0.7,0.11,4,reviewed,pr,pr
2020-04-07T18:16:02.057Z,17.7672,-83.3411,10,4.2,mb,,79,3.697,1.22,us,us70008qvc,2020-04-07T23:10:45.042Z,"73km ENE of Great Swan Island, Honduras",earthquake,5.1,1.9,0.124,19,reviewed,us,us
2020-04-07T17:52:40.100Z,17.9256,-66.911,13,3.03,md,18,213,0.0588,0.13,pr,pr2020098018,2020-04-07T20:31:31.040Z,"3km S of Guanica, Puerto Rico",earthquake,0.89,0.31,0.33,12,reviewed,pr,pr
2020-04-07T17:42:48.098Z,-7.5529,128.5807,140.65,4.6,mb,,58,2.727,1.19,us,us70008qtj,2020-04-07T18:13:50.040Z,"Kepulauan Barat Daya, Indonesia",earthquake,6.7,7.3,0.086,46,reviewed,us,us
2020-04-07T17:42:06.181Z,-31.4269,-71.8267,41.73,4.4,mb,,93,0.741,1.18,us,us70008qtl,2020-04-08T02:43:06.465Z,"66km WNW of Illapel, Chile",earthquake,4.7,9.1,0.218,8,reviewed,us,us
2020-04-07T16:51:23.456Z,4.8085,-82.5627,10,4.8,mb,,156,6.122,0.97,us,us70008qrq,2020-04-07T19:26:52.040Z,"South of Panama",earthquake,9.7,1.9,0.035,254,reviewed,us,us
2020-04-07T16:12:21.447Z,-56.3022,-27.0338,97.6,5.1,mb,,68,5.767,0.67,us,us70008qqj,2020-04-07T17:18:46.040Z,"45km NNE of Visokoi Island, South Georgia and the South Sandwich Islands",earthquake,9.5,6.4,0.11,27,reviewed,us,us
2020-04-07T15:26:04.480Z,17.968,-67.0685,6,2.57,md,14,257,0.0243,0.13,pr,pr2020098017,2020-04-07T15:52:50.992Z,"2km WSW of La Parguera, Puerto Rico",earthquake,0.57,0.21,0.4,4,reviewed,pr,pr
2020-04-07T15:16:54.021Z,2.0372,96.1959,10,4.2,mb,,210,1.559,0.64,us,us70008qp4,2020-04-07T15:54:09.040Z,"53km SSW of Sinabang, Indonesia",earthquake,9.4,1.8,0.152,12,reviewed,us,us
2020-04-07T14:26:32.360Z,17.9156,-66.8181,12,2.45,md,16,218,0.0853,0.12,pr,pr2020098016,2020-04-07T15:25:56.431Z,"8km S of Indios, Puerto Rico",earthquake,0.64,0.4,0.22,7,reviewed,pr,pr
2020-04-07T13:06:20.600Z,18.078,-66.782,5,2.83,md,11,89,0.1415,0.1,pr,pr2020098014,2020-04-07T15:51:05.232Z,"3km WNW of Santo Domingo, Puerto Rico",earthquake,0.2,0.43,0.11,5,reviewed,pr,pr
2020-04-07T13:00:35.820Z,18.0723,-66.7846,6,3.98,md,19,57,0.1356,0.12,pr,pr2020098013,2020-04-08T13:02:06.983Z,"5km ESE of Adjuntas, Puerto Rico",earthquake,0.21,0.3,0.25,14,reviewed,pr,pr
2020-04-07T12:52:37.290Z,44.3118333,-115.271,8.17,3.03,ml,14,87,0.934,0.31,mb,mb80398914,2020-04-07T17:48:47.830Z,"65km ESE of Cascade, Idaho",earthquake,0.67,1.56,0.207,23,reviewed,mb,mb
2020-04-07T12:32:58.667Z,44.482,-115.1759,10,2.7,ml,,63,0.843,1.03,us,us70008qk7,2020-04-07T17:57:06.520Z,"68km E of Cascade, Idaho",earthquake,2.4,1.7,0.045,64,reviewed,us,us
2020-04-07T12:14:53.803Z,44.2064,-115.1242,10,2.9,ml,,72,0.823,0.53,us,us70008qk0,2020-04-07T15:03:16.410Z,"70km NE of Idaho City, Idaho",earthquake,2.4,2,0.062,34,reviewed,us,us
2020-04-07T12:07:39.040Z,17.9913,-66.9955,7,3.21,md,19,147,0.0534,0.12,pr,pr2020098011,2020-04-07T12:51:34.360Z,"5km ENE of La Parguera, Puerto Rico",earthquake,0.48,0.2,0.22,15,reviewed,pr,pr
2020-04-07T11:32:06.504Z,-15.3064,-173.285,10,5.2,mb,,60,4.781,0.98,us,us70008qjj,2020-04-07T12:02:01.040Z,"86km NE of Hihifo, Tonga",earthquake,10.1,1.9,0.029,386,reviewed,us,us
2020-04-07T11:29:09.326Z,-31.6377,179.5914,425.13,5,mb,,120,3.205,0.76,us,us70008qja,2020-04-07T11:53:58.040Z,"145km W of L'Esperance Rock, New Zealand",earthquake,9.9,7.8,0.046,155,reviewed,us,us
2020-04-07T10:55:28.350Z,17.9885,-66.8533,14,2.62,md,11,165,0.0292,0.18,pr,pr2020098010,2020-04-07T11:12:04.919Z,"3km SE of Palomas, Puerto Rico",earthquake,0.71,0.69,0.06,5,reviewed,pr,pr
2020-04-07T10:43:14.250Z,44.1775,-115.118,10.68,2.8,ml,10,80,0.798,0.32,mb,mb80398819,2020-04-07T18:04:24.100Z,"69km NE of Idaho City, Idaho",earthquake,1.13,2.81,0.379,17,reviewed,mb,mb
2020-04-07T10:39:04.581Z,29.2716,95.1414,25.16,4.4,mb,,114,3.526,0.4,us,us70008qir,2020-04-07T12:09:25.040Z,"17km WSW of Motuo, China",earthquake,10.8,6.1,0.099,29,reviewed,us,us
2020-04-07T10:25:48.170Z,17.992,-66.723,10,2.48,md,14,159,0.1273,0.12,pr,pr2020098008,2020-04-07T10:44:25.518Z,"0km WSW of Tallaboa, Puerto Rico",earthquake,0.34,0.31,0.53,6,reviewed,pr,pr
2020-04-07T10:18:03.332Z,-31.4798,-71.6698,35,4.5,mwr,,126,0.635,0.87,us,us70008qib,2020-04-07T12:22:37.486Z,"50km WNW of Illapel, Chile",earthquake,4.3,1.9,,,reviewed,us,guc
2020-04-07T09:58:04.880Z,17.9333,-66.8398,11,3.08,md,19,207,0.0574,0.08,pr,pr2020098007,2020-04-07T12:23:26.040Z,"8km S of Indios, Puerto Rico",earthquake,0.43,0.42,0.27,14,reviewed,pr,pr
2020-04-07T09:56:38.560Z,48.2768333333333,-121.664833333333,14.51,2.69,ml,13,84,0.1919,0.16,uw,uw61594802,2020-04-08T09:26:18.792Z,"5km WNW of Darrington, Washington",earthquake,0.39,1.43,0.0450880020984399,3,reviewed,uw,uw
2020-04-07T09:53:45.160Z,44.385,-115.2444,10,2.5,ml,,99,0.885,0.93,us,us70008qhz,2020-04-07T11:25:50.040Z,"65km ESE of Cascade, Idaho",earthquake,2.2,2,0.053,46,reviewed,us,us
2020-04-07T09:18:31.367Z,44.3294,-115.2364,10,3.6,ml,,85,0.933,0.49,us,us70008qgu,2020-04-08T09:19:34.557Z,"67km ESE of Cascade, Idaho",earthquake,1.9,2,0.036,104,reviewed,us,us
2020-04-07T09:15:34.393Z,28.0327,-111.9821,10,4.3,mb,,160,3.745,1.13,us,us70008qgs,2020-04-07T10:17:19.040Z,"84km NNE of Santa Rosalia, Mexico",earthquake,5.5,2,0.238,5,reviewed,us,us
2020-04-07T09:08:26.420Z,44.3693333,-115.1841667,10.34,3.42,ml,10,82,0.924,0.28,mb,mb80398719,2020-04-07T16:35:03.510Z,"70km ESE of Cascade, Idaho",earthquake,0.84,1.43,0.221,21,reviewed,mb,mb
2020-04-07T09:07:03.330Z,17.93,-66.8406,12,2.61,md,12,219,0.0594,0.14,pr,pr2020098006,2020-04-07T10:27:24.149Z,"7km SSW of Indios, Puerto Rico",earthquake,0.68,0.43,0.16,8,reviewed,pr,pr
2020-04-07T08:57:56.754Z,44.504,-115.2316,5.34,3.5,ml,,78,0.8,0.94,us,us70008qgg,2020-04-08T08:59:00.776Z,"64km E of Cascade, Idaho",earthquake,5.9,7.2,0.046,62,reviewed,us,us
2020-04-07T08:27:20.170Z,35.673,-117.5238333,9.43,2.68,ml,38,61,0.1149,0.14,ci,ci39139775,2020-04-07T16:08:04.467Z,"15km ENE of Ridgecrest, CA",earthquake,0.15,0.43,0.124,85,reviewed,ci,ci
2020-04-07T08:02:59.733Z,-9.3435,112.337,47.31,4.9,mb,,100,1.992,1.18,us,us70008qfi,2020-04-07T08:36:57.040Z,"112km SSW of Krajan Tambakrejo, Indonesia",earthquake,8.3,7.6,0.081,48,reviewed,us,us
2020-04-07T07:08:29.905Z,44.3817,-115.1979,10,3.1,ml,,29,0.908,0.73,us,us70008qeu,2020-04-08T17:20:22.950Z,"68km ESE of Cascade, Idaho",earthquake,2.5,2,0.034,114,reviewed,us,us
2020-04-07T06:27:21.357Z,49.1524,157.9316,37.86,5.2,mb,,66,3.902,0.74,us,us70008qec,2020-04-07T06:55:46.040Z,"213km SE of Severo-Kuril'sk, Russia",earthquake,8.5,5.2,0.023,632,reviewed,us,us
2020-04-07T06:27:08.500Z,17.9276,-66.8921,6,2.79,md,17,200,0.0492,0.21,pr,pr2020098003,2020-04-07T09:15:48.123Z,"5km SSE of Guanica, Puerto Rico",earthquake,0.63,0.39,0.18,13,reviewed,pr,pr
2020-04-07T05:12:02.864Z,32.5775,132.091,42.34,4.8,mb,,77,1.752,1.1,us,us70008qdk,2020-04-07T05:30:27.040Z,"39km E of Nobeoka, Japan",earthquake,6.3,6.9,0.055,103,reviewed,us,us
2020-04-07T04:23:08.309Z,44.2927,-115.2049,10,2.8,ml,,66,0.927,0.85,us,us70008qdb,2020-04-10T00:13:03.040Z,"71km ESE of Cascade, Idaho",earthquake,1.7,2,0.041,78,reviewed,us,us
2020-04-07T03:26:52.913Z,11.6912,-61.1049,30.97,5.2,mww,,69,0.693,1.07,us,us70008qcr,2020-04-07T20:20:20.431Z,"69km NW of Scarborough, Trinidad and Tobago",earthquake,6.7,5.6,0.078,16,reviewed,us,us
2020-04-07T03:21:19.200Z,18.0141,-66.8193,16,2.65,md,18,132,0.0715,0.14,pr,pr2020098001,2020-04-07T05:20:57.275Z,"2km W of Guayanilla, Puerto Rico",earthquake,0.46,0.51,0.31,16,reviewed,pr,pr
2020-04-07T03:02:47.340Z,35.111,-95.52833333,7.23,2.63,ml,84,68,0,0.23,ok,ok2020gvlv,2020-04-09T23:40:35.040Z,"13km W of Quinton, Oklahoma",earthquake,,0.5,0.22,16,reviewed,ok,ok
2020-04-07T02:37:45.152Z,-10.2519,161.203,54.51,4.7,mb,,128,1.477,0.76,us,us70008qcm,2020-04-07T03:27:05.040Z,"81km WNW of Kirakira, Solomon Islands",earthquake,14.2,8.5,0.069,64,reviewed,us,us
2020-04-07T01:52:19.862Z,17.4703,-101.1898,35,4.8,mb,,183,2.165,1,us,us70008qbg,2020-04-08T00:36:21.014Z,"9km ESE of Petatlan, Mexico",earthquake,8.4,2,0.025,483,reviewed,us,us
2020-04-07T00:13:33.870Z,20.205,-155.7946667,12.14,3.04,ml,57,149,0.08099,0.17,hv,hv71462092,2020-04-08T07:37:06.102Z,"7km S of Kapaau, Hawaii",earthquake,0.61,0.36,0.164,36,reviewed,hv,hv
2020-04-06T23:45:01.895Z,44.3013,-115.1029,10,3.1,ml,,65,0.89,0.83,us,us70008q9s,2020-04-07T06:48:34.732Z,"72km WSW of Challis, Idaho",earthquake,1.9,2,0.038,90,reviewed,us,us
2020-04-06T23:17:23.170Z,36.8925,-121.6201667,5.17,2.83,md,78,34,0.0267,0.12,nc,nc73365005,2020-04-08T15:23:12.422Z,"2km ENE of Aromas, CA",earthquake,0.15,0.31,0.143,88,reviewed,nc,nc
2020-04-06T22:34:31.982Z,44.4424,-115.2285,10,2.7,ml,,57,0.847,0.61,us,us70008q95,2020-04-10T02:49:58.040Z,"65km E of Cascade, Idaho",earthquake,1.7,2,0.048,58,reviewed,us,us
2020-04-06T21:26:23.482Z,44.1383,-115.5899,18.64,2.8,ml,,70,0.743,0.49,us,us70008q7w,2020-04-10T02:48:59.475Z,"39km NNE of Idaho City, Idaho",earthquake,2.7,3.2,0.049,54,reviewed,us,us
2020-04-06T21:07:43.840Z,17.8981,-66.8753,15,3.27,md,19,210,0.0771,0.16,pr,pr2020097022,2020-04-10T02:46:39.040Z,"10km SE of Guanica, Puerto Rico",earthquake,0.72,0.53,0.24,14,reviewed,pr,pr
2020-04-06T21:02:52.920Z,17.9001,-66.8583,14,2.98,md,14,226,0.0779,0.22,pr,pr2020097023,2020-04-06T21:57:33.412Z,"9km SSE of Guanica, Puerto Rico",earthquake,0.88,0.91,0.22,7,reviewed,pr,pr
2020-04-06T20:40:08.872Z,69.2116,-144.6686,0,2.9,ml,,,,0.8,ak,ak0204gr9xd8,2020-04-06T21:15:24.040Z,"110km SSW of Kaktovik, Alaska",earthquake,,0.6,,,automatic,ak,ak
2020-04-06T20:17:09.660Z,17.9845,-66.9268,10,3.57,md,21,162,0.0485,0.12,pr,pr2020097021,2020-04-07T20:18:30.394Z,"22km S of Guanica, Puerto Rico",earthquake,0.38,0.37,0.17,15,reviewed,pr,pr
2020-04-06T19:43:31.920Z,36.2115,-91.0896667,16.1,2.46,md,75,45,0.1505,0.21,nm,nm60286347,2020-04-08T05:15:16.024Z,"11km SW of Pocahontas, Arkansas",earthquake,0.26,0.41,0.167,57,reviewed,nm,nm
2020-04-06T19:41:02.485Z,59.8041,-153.2023,121.3,3.4,ml,,,,0.48,ak,ak0204gqootw,2020-04-06T21:00:15.040Z,"76km W of Anchor Point, Alaska",earthquake,,0.2,,,reviewed,ak,ak
2020-04-06T19:20:27.360Z,2.8254,95.753,35,5,mb,,102,2.366,0.7,us,us70008q3h,2020-04-06T19:51:58.040Z,"79km WNW of Sinabang, Indonesia",earthquake,8.4,1.9,0.069,68,reviewed,us,us
2020-04-06T19:14:47.149Z,54.4242,164.1943,10,4.3,mb,,193,3.58,0.81,us,us70008q3d,2020-04-06T20:43:48.040Z,"143km SW of Nikol'skoye, Russia",earthquake,13.8,2,0.065,67,reviewed,us,us
2020-04-06T18:10:02.970Z,35.6768333,-117.5188333,9.07,3.03,ml,41,61,0.1197,0.15,ci,ci39138391,2020-04-07T06:34:34.526Z,"14km SW of Searles Valley, CA",earthquake,0.14,0.42,0.126,80,reviewed,ci,ci
2020-04-06T18:07:29.887Z,44.3115,-115.1652,10,2.6,ml,,82,0.924,1.05,us,us70008q19,2020-04-06T20:11:30.040Z,"73km ESE of Cascade, Idaho",earthquake,1.5,2,0.048,56,reviewed,us,us
2020-04-06T18:02:01.550Z,-21.5867,-175.3961,43.23,5,mb,,40,5.707,0.71,us,us70008q1c,2020-04-06T18:47:45.211Z,"47km SSW of Vaini, Tonga",earthquake,9.7,5.7,0.053,112,reviewed,us,us
2020-04-06T17:06:26.290Z,17.9293,-66.842,12,2.8,md,18,196,0.059,0.2,pr,pr2020097019,2020-04-06T17:26:54.707Z,"7km SSW of Indios, Puerto Rico",earthquake,0.66,0.45,0.42,9,reviewed,pr,pr
2020-04-06T17:04:52.828Z,37.4231,-103.0128,5,2.7,mb_lg,,96,1.007,0.48,us,us70008pzm,2020-04-06T22:03:21.006Z,"35km W of Springfield, Colorado",earthquake,1.6,1.9,0.057,80,reviewed,us,us
2020-04-06T16:51:58.500Z,17.9273,-66.6141,7,2.62,md,10,191,0.1158,0.22,pr,pr2020097018,2020-04-06T17:56:37.351Z,"9km S of Ponce, Puerto Rico",earthquake,0.64,0.3,0.13,6,reviewed,pr,pr
2020-04-06T16:34:06.630Z,33.2318333,-117.5563333,13.93,2.73,ml,68,143,0.153,0.18,ci,ci39138175,2020-04-07T11:19:29.019Z,"16km W of Camp Pendleton South, CA",earthquake,0.28,0.4,0.15,95,reviewed,ci,ci
2020-04-06T16:20:25.629Z,-24.4128,-70.678,59.72,4,ml,,184,0.327,0.29,us,us70008pyf,2020-04-06T18:03:50.040Z,"89km SSW of Antofagasta, Chile",earthquake,10,20.9,0.057,40,reviewed,us,us
2020-04-06T16:18:24.570Z,18.0168,-66.8178,18,2.57,md,14,130,0.0742,0.18,pr,pr2020097017,2020-04-06T16:39:50.801Z,"2km W of Guayanilla, Puerto Rico",earthquake,0.54,0.6,0.29,7,reviewed,pr,pr
2020-04-06T15:58:14.840Z,33.577,-115.9081667,8.24,3.51,mw,90,32,0.03807,0.17,ci,ci39138119,2020-04-10T03:56:07.655Z,"6km NNE of North Shore, CA",earthquake,0.13,0.36,,4,reviewed,ci,ci
2020-04-06T15:40:39.040Z,17.8816,-66.8841,11,2.52,md,18,217,0.0936,0.11,pr,pr2020097016,2020-04-06T16:22:33.361Z,"10km SSE of Guanica, Puerto Rico",earthquake,0.38,0.39,0.19,8,reviewed,pr,pr
2020-04-06T14:46:33.765Z,44.383,-115.1866,10,2.6,ml,,82,0.912,1.11,us,us70008pwm,2020-04-06T17:59:57.040Z,"69km ESE of Cascade, Idaho",earthquake,2.4,2,0.049,54,reviewed,us,us
2020-04-06T14:27:44.650Z,17.9936,-66.8278,14,2.52,md,12,155,0.0546,0.22,pr,pr2020097014,2020-04-06T15:50:21.552Z,"0km W of Indios, Puerto Rico",earthquake,0.62,0.81,0.14,4,reviewed,pr,pr
2020-04-06T12:24:44.430Z,19.4098333,-155.1858333,23.37,2.76,ml,57,48,0.03402,0.12,hv,hv71461507,2020-04-07T01:02:44.330Z,"5km ESE of Volcano, Hawaii",earthquake,0.33,0.29,0.21,33,reviewed,hv,hv
2020-04-06T11:55:33.127Z,44.3156,-115.0863,12.82,2.8,ml,,64,0.896,0.71,us,us70008pvi,2020-04-06T14:21:57.040Z,"71km WSW of Challis, Idaho",earthquake,1.6,10.4,0.039,88,reviewed,us,us
2020-04-06T11:48:19.930Z,44.2701,-115.1261,16.34,2.8,ml,,67,0.874,0.59,us,us70008pvf,2020-04-06T17:17:29.180Z,"75km WSW of Challis, Idaho",earthquake,1.2,10.1,0.041,80,reviewed,us,us
2020-04-06T11:42:44.743Z,44.3165,-115.2043,15.42,3.1,ml,,64,0.945,0.74,us,us70008pvb,2020-04-06T17:09:17.540Z,"70km ESE of Cascade, Idaho",earthquake,1.9,10.2,0.033,118,reviewed,us,us
2020-04-06T11:08:19.430Z,17.9993,-66.7941,14,3.22,md,19,154,0.0885,0.14,pr,pr2020097013,2020-04-06T12:32:21.930Z,"2km SE of Guayanilla, Puerto Rico",earthquake,0.36,0.45,0.22,14,reviewed,pr,pr
2020-04-06T10:47:28.810Z,44.4543333,-115.1828333,6.61,2.94,ml,11,81,0.86,0.21,mb,mb80397614,2020-04-06T17:25:22.870Z,"68km E of Cascade, Idaho",earthquake,0.92,1.82,0.298,18,reviewed,mb,mb
2020-04-06T10:37:39.831Z,61.2256,-147.7518,17.1,2.7,ml,,,,0.81,ak,ak0204glb0ig,2020-04-06T10:46:02.081Z,"71km NE of Whittier, Alaska",earthquake,,0.3,,,automatic,ak,ak
2020-04-06T10:16:57.520Z,17.911,-66.8481,15,2.65,md,15,228,0.0712,0.19,pr,pr2020097012,2020-04-06T11:02:56.780Z,"8km SSE of Maria Antonia, Puerto Rico",earthquake,0.8,0.58,0.39,3,reviewed,pr,pr
2020-04-06T10:14:48.735Z,51.1128,-179.8812,53.53,4.2,mb,,230,0.578,0.85,us,us70008pu7,2020-04-06T16:10:26.793Z,"56km WSW of Amatignak Island, Alaska",earthquake,14,24.2,0.09,34,reviewed,us,us
2020-04-06T10:09:09.930Z,17.944,-66.838,12,3.04,md,19,190,0.0516,0.13,pr,pr2020097011,2020-04-06T10:44:49.797Z,"5km SSW of Indios, Puerto Rico",earthquake,0.58,0.38,0.4,12,reviewed,pr,pr
2020-04-06T09:41:11.041Z,44.4007,-115.2582,10.09,2.5,ml,,58,0.866,1.12,us,us70008ptl,2020-04-10T13:06:24.040Z,"63km ESE of Cascade, Idaho",earthquake,5.1,10.3,0.053,46,reviewed,us,us
2020-04-06T08:59:08.110Z,17.9506,-66.8801,10,2.92,md,18,195,0.0245,0.12,pr,pr2020097010,2020-04-06T09:45:44.430Z,"3km SE of Guanica, Puerto Rico",earthquake,0.53,0.35,0.23,15,reviewed,pr,pr
2020-04-06T08:49:30.370Z,17.9511,-66.966,7,2.57,md,13,209,0.0803,0.12,pr,pr2020097008,2020-04-06T09:28:00.883Z,"6km WSW of Guanica, Puerto Rico",earthquake,0.52,0.27,0.47,11,reviewed,pr,pr
2020-04-06T08:31:08.340Z,17.9608,-66.9046,10,2.66,md,16,201,0.0291,0.11,pr,pr2020097009,2020-04-06T09:29:39.971Z,"1km SSE of Guanica, Puerto Rico",earthquake,0.53,0.39,0.34,13,reviewed,pr,pr
2020-04-06T07:58:51.530Z,17.98,-66.7655,12,2.93,md,18,177,0.1138,0.12,pr,pr2020097007,2020-04-06T09:24:26.315Z,"4km S of Magas Arriba, Puerto Rico",earthquake,0.45,0.33,0.18,15,reviewed,pr,pr
2020-04-06T07:47:37.304Z,51.8317,-177.7939,10,2.7,ml,,136,0.021,0.58,us,us70008ra8,2020-04-10T08:36:24.040Z,"24km ESE of Tanaga Volcano, Alaska",earthquake,1.5,1.4,0.128,8,reviewed,us,us
2020-04-06T07:41:44.165Z,39.7414,141.9895,54.77,4.2,mb,,122,1.263,0.59,us,us70008ps9,2020-04-06T08:10:42.040Z,"12km NNE of Miyako, Japan",earthquake,8.2,8.1,0.118,20,reviewed,us,us
2020-04-06T06:52:05.341Z,44.2707,-115.1102,10,2.5,ml,,87,0.868,0.65,us,us70008prw,2020-04-06T07:09:06.040Z,"74km WSW of Challis, Idaho",earthquake,2.2,2,0.053,46,reviewed,us,us
2020-04-06T06:11:38.500Z,17.8476,-66.892,11,2.55,md,14,256,0.1281,0.09,pr,pr2020097006,2020-04-06T07:16:18.342Z,"13km S of Guanica, Puerto Rico",earthquake,0.75,0.51,0.22,12,reviewed,pr,pr
2020-04-06T06:04:19.290Z,17.9311,-66.8711,11,2.9,md,19,208,0.0447,0.11,pr,pr2020097005,2020-04-06T06:59:54.654Z,"5km SE of Guanica, Puerto Rico",earthquake,0.39,0.37,0.15,15,reviewed,pr,pr
2020-04-06T05:53:45.977Z,44.1144,-115.0654,10,2.7,ml,,79,0.725,0.52,us,us70008prc,2020-04-06T12:12:01.040Z,"69km ENE of Idaho City, Idaho",earthquake,1.7,2,0.044,68,reviewed,us,us
2020-04-06T05:36:00.432Z,44.131,-115.0686,10,2.5,ml,,78,0.739,0.49,us,us70008pr5,2020-04-06T11:34:05.040Z,"70km ENE of Idaho City, Idaho",earthquake,1.3,2,0.066,30,reviewed,us,us
2020-04-06T05:31:03.744Z,1.4703,126.4658,43.93,4.8,mb,,91,1.137,0.69,us,us70008pr4,2020-04-06T06:05:11.040Z,"125km NW of Kota Ternate, Indonesia",earthquake,8.2,7.8,0.076,53,reviewed,us,us
2020-04-06T04:22:00.354Z,44.4078,-115.1672,10,2.5,ml,,60,0.902,0.85,us,us70008ppw,2020-04-10T02:26:41.040Z,"70km E of Cascade, Idaho",earthquake,2.2,2,0.055,44,reviewed,us,us
2020-04-06T04:04:10.590Z,37.524,-118.8533333,7.41,2.66,md,32,107,0.06867,0.04,nc,nc73364600,2020-04-08T23:51:41.736Z,"16km WSW of Toms Place, CA",earthquake,0.23,0.68,0.247,35,reviewed,nc,nc
2020-04-06T03:55:50.764Z,44.4528,-115.3009,10,2.6,ml,,59,0.806,1.44,us,us70008pp7,2020-04-10T02:14:58.040Z,"59km E of Cascade, Idaho",earthquake,2.6,2,0.051,50,reviewed,us,us
2020-04-06T03:53:00.499Z,-8.9733,158.1255,10,4.3,mb,,215,1.857,0.86,us,us70008sia,2020-04-10T01:36:44.040Z,"142km SW of Dadali, Solomon Islands",earthquake,10.7,2,0.201,8,reviewed,us,us
2020-04-06T03:15:51.511Z,44.1769,-115.1239,10,2.7,ml,,71,0.8,0.72,us,us70008pnt,2020-04-10T01:11:38.040Z,"68km NE of Idaho City, Idaho",earthquake,2.3,2,0.046,62,reviewed,us,us
2020-04-06T03:12:25.037Z,44.3793,-115.2161,10,2.8,ml,,83,0.902,0.88,us,us70008pnq,2020-04-10T01:08:34.040Z,"67km ESE of Cascade, Idaho",earthquake,2.6,2,0.048,56,reviewed,us,us
2020-04-06T03:02:26.066Z,44.1278,-115.0737,10,2.8,ml,,74,0.739,0.5,us,us70008pnl,2020-04-10T01:06:34.040Z,"69km ENE of Idaho City, Idaho",earthquake,2.1,2,0.048,58,reviewed,us,us
2020-04-06T02:58:01.598Z,44.4671,-115.3117,10,2.6,ml,,60,0.79,0.62,us,us70008pnk,2020-04-09T23:17:59.040Z,"58km E of Cascade, Idaho",earthquake,2.9,2,0.046,62,reviewed,us,us
2020-04-06T02:46:42.801Z,-40.0908,78.353,10,4.7,mb,,77,2.371,1.01,us,us70008sih,2020-04-09T23:08:57.040Z,"260km SSE of Amsterdam Island, France",earthquake,13.2,1.9,0.159,12,reviewed,us,us
2020-04-06T02:41:40.350Z,17.9781,-66.9121,9,2.69,md,18,172,0.033,0.11,pr,pr2020097003,2020-04-06T04:26:01.640Z,"0km NNW of Guanica, Puerto Rico",earthquake,0.32,0.47,0.26,16,reviewed,pr,pr
2020-04-06T02:13:27.458Z,-0.8455,131.4189,39.19,4.1,mb,,111,0.154,1.08,us,us70008si9,2020-04-09T23:01:53.040Z,"19km ENE of Sorong, Indonesia",earthquake,9.8,5.9,0.157,11,reviewed,us,us
2020-04-06T02:07:16.920Z,17.9205,-66.9035,6,2.7,md,16,205,0.0598,0.16,pr,pr2020097002,2020-04-06T05:38:35.102Z,"5km S of Guanica, Puerto Rico",earthquake,0.57,0.36,0.19,13,reviewed,pr,pr
2020-04-06T01:56:42.920Z,-9.7601,118.8493,73.37,4.1,mb,,83,3.526,0.66,us,us70008si8,2020-04-09T22:56:06.040Z,"24km WSW of Panenggoede, Indonesia",earthquake,7.6,11.5,0.233,5,reviewed,us,us
2020-04-06T01:54:37.294Z,-29.5419,-71.7244,44.61,4.4,mwr,,95,0.565,1.08,us,us70008pmv,2020-04-09T22:50:01.292Z,"58km NW of Coquimbo, Chile",earthquake,5.4,3.7,0.058,29,reviewed,us,us
2020-04-06T01:53:05.770Z,17.9281,-66.8491,14,2.49,md,16,197,0.0558,0.14,pr,pr2020097001,2020-04-06T04:29:50.633Z,"7km SE of Guanica, Puerto Rico",earthquake,0.65,0.56,0.31,13,reviewed,pr,pr
2020-04-06T01:52:26.114Z,44.4097,-115.201,7.7,2.6,ml,,59,0.885,0.72,us,us70008pmt,2020-04-09T22:44:36.040Z,"67km E of Cascade, Idaho",earthquake,2.1,5.9,0.059,38,reviewed,us,us
2020-04-06T01:49:07.560Z,17.926,-66.8406,12,2.52,md,17,197,0.0625,0.14,pr,pr2020097004,2020-04-06T04:20:42.737Z,"7km SSW of Indios, Puerto Rico",earthquake,0.63,0.4,0.35,16,reviewed,pr,pr
2020-04-06T01:12:53.022Z,-10.1982,161.1811,60.05,5,mb,,89,1.43,0.59,us,us70008pmf,2020-04-09T22:42:25.040Z,"85km WNW of Kirakira, Solomon Islands",earthquake,8.6,6.2,0.038,221,reviewed,us,us
2020-04-06T00:08:47.370Z,17.8905,-66.8658,11,2.52,md,15,231,0.0857,0.12,pr,pr2020097000,2020-04-06T04:32:51.705Z,"10km SSE of Guanica, Puerto Rico",earthquake,0.65,0.56,0.2,12,reviewed,pr,pr
2020-04-05T23:45:52.376Z,44.3946,-115.2053,10,2.9,ml,,60,0.895,0.93,us,us70008pl2,2020-04-06T00:50:19.759Z,"67km E of Cascade, Idaho",earthquake,1.2,2,0.041,80,reviewed,us,us
2020-04-05T23:42:49.050Z,17.8605,-66.8831,9,2.79,md,19,247,0.1147,0.13,pr,pr2020096050,2020-04-09T20:39:41.040Z,"19km S of Guanica, Puerto Rico",earthquake,0.64,0.98,0.22,18,reviewed,pr,pr
2020-04-05T23:39:52.710Z,40.7433333,-112.0485,9.98,2.52,ml,42,24,0.01897,0.16,uu,uu60374497,2020-04-09T20:38:30.040Z,"5km NE of Magna, Utah",earthquake,0.26,0.41,0.108,11,reviewed,uu,uu
2020-04-05T23:13:24.780Z,17.9445,-66.9311,9,2.53,md,15,201,0.0602,0.14,pr,pr2020096048,2020-04-06T05:07:18.818Z,"3km SW of Guanica, Puerto Rico",earthquake,0.42,0.54,0.22,11,reviewed,pr,pr
2020-04-05T23:11:58.930Z,33.4976667,-116.5215,10.39,2.6,ml,115,26,0.0602,0.19,ci,ci39135751,2020-04-06T20:26:41.207Z,"16km ESE of Anza, CA",earthquake,0.1,0.2,0.157,122,reviewed,ci,ci
2020-04-05T23:05:43.276Z,44.3948,-115.2077,10,3.2,ml,,60,0.893,1.19,us,us70008pk8,2020-04-06T17:02:03.070Z,"67km E of Cascade, Idaho",earthquake,1.7,2,0.034,112,reviewed,us,us
2020-04-05T23:01:09.520Z,18.3646,-67.3778,123,4.05,md,23,143,0.1033,0.2,pr,pr2020096046,2020-04-06T23:03:28.680Z,"28km NW of Rincon, Puerto Rico",earthquake,1.82,0.84,0.2,21,reviewed,pr,pr
2020-04-05T22:46:17.860Z,17.9295,-66.8351,11,2.64,md,15,210,0.0634,0.13,pr,pr2020096049,2020-04-06T05:01:21.106Z,"7km SSW of Indios, Puerto Rico",earthquake,0.65,0.48,0.28,14,reviewed,pr,pr
2020-04-05T22:42:53.832Z,-5.2757,102.5135,35,4.9,mb,,65,1.01,0.95,us,us70008pjp,2020-04-10T02:07:08.040Z,"141km W of Kuripan, Indonesia",earthquake,6,1.9,0.075,55,reviewed,us,us
2020-04-05T22:42:28.123Z,1.4023,126.4522,53.5,4.6,mb,,90,1.108,0.65,us,us70008pjw,2020-04-10T02:08:31.040Z,"122km NW of Kota Ternate, Indonesia",earthquake,7.3,7.4,0.092,35,reviewed,us,us
2020-04-05T22:37:18.820Z,33.4961667,-116.4961667,13.25,3.5,mw,141,28,0.06774,0.21,ci,ci39135575,2020-04-10T20:22:42.459Z,"18km ESE of Anza, CA",earthquake,0.1,0.22,,4,reviewed,ci,ci
2020-04-05T22:34:49.700Z,33.498,-116.496,12.65,2.64,ml,120,29,0.06615,0.19,ci,ci39135567,2020-04-10T02:01:22.040Z,"18km ESE of Anza, CA",earthquake,0.11,0.24,0.139,118,reviewed,ci,ci
2020-04-05T22:32:06.180Z,17.9418,-66.8366,11,2.79,md,18,191,0.0541,0.16,pr,pr2020096047,2020-04-06T05:13:53.298Z,"6km SSW of Indios, Puerto Rico",earthquake,0.54,0.43,0.33,16,reviewed,pr,pr
2020-04-05T22:23:48.950Z,19.2391667,-155.405,32.51,2.76,ml,61,110,0.007277,0.12,hv,hv71460657,2020-04-10T01:19:21.040Z,"8km NE of Pahala, Hawaii",earthquake,0.41,0.51,0.151,35,reviewed,hv,hv
2020-04-05T21:55:12.390Z,17.9153,-66.935,12,3.46,md,19,223,0.0818,0.15,pr,pr2020096044,2020-04-10T00:33:03.040Z,"8km S of Guanica, Puerto Rico",earthquake,0.88,0.46,0.33,19,reviewed,pr,pr
2020-04-05T21:54:23.660Z,33.5015,-116.526,11.1,2.7,ml,116,27,0.05601,0.19,ci,ci39135327,2020-04-10T00:30:27.040Z,"15km ESE of Anza, CA",earthquake,0.1,0.3,0.163,112,reviewed,ci,ci
2020-04-05T21:43:03.760Z,17.9348,-66.8401,11,2.79,md,17,194,0.0561,0.28,pr,pr2020096043,2020-04-06T05:22:25.442Z,"6km SSW of Indios, Puerto Rico",earthquake,0.88,0.63,0.14,13,reviewed,pr,pr
2020-04-05T21:09:32.900Z,17.9285,-66.8411,12,2.69,md,16,196,0.0602,0.1,pr,pr2020096045,2020-04-06T05:20:21.100Z,"7km SSW of Indios, Puerto Rico",earthquake,0.56,0.37,0.28,11,reviewed,pr,pr
2020-04-05T21:07:44.910Z,33.5036667,-116.5278333,10.53,3.49,mw,143,26,0.05376,0.2,ci,ci39134871,2020-04-10T18:54:21.815Z,"15km ESE of Anza, CA",earthquake,0.1,0.19,,4,reviewed,ci,ci
2020-04-05T20:44:06.223Z,0.9121,118.7541,53.61,4.7,mb,,111,2.037,1.13,us,us70008pgq,2020-04-05T21:01:57.040Z,"164km ENE of Bontang, Indonesia",earthquake,7.3,7,0.142,15,reviewed,us,us
2020-04-05T20:21:05.188Z,36.6703,70.9922,243.17,4.5,mb,,72,2.037,0.97,us,us70008pga,2020-04-05T20:47:04.040Z,"25km SSE of Jarm, Afghanistan",earthquake,9.2,10.3,0.14,15,reviewed,us,us
2020-04-05T20:14:07.550Z,17.9308,-66.8433,13,2.77,md,15,209,0.057,0.14,pr,pr2020096041,2020-04-06T05:27:12.913Z,"7km SSW of Indios, Puerto Rico",earthquake,0.64,0.35,0.24,13,reviewed,pr,pr
2020-04-05T20:10:20.380Z,17.9428,-66.8386,12,2.61,md,18,190,0.0519,0.22,pr,pr2020096039,2020-04-06T05:29:00.138Z,"6km SSW of Indios, Puerto Rico",earthquake,0.77,0.41,0.22,14,reviewed,pr,pr
2020-04-05T19:20:46.230Z,37.5271667,-118.8526667,7.82,4.05,mw,42,89,0.06548,0.05,nc,nc73364330,2020-04-09T14:03:57.151Z,"16km WSW of Toms Place, CA",earthquake,0.21,0.49,,4,reviewed,nc,nc
2020-04-05T18:52:44.680Z,17.938,-66.839,12,3.41,md,19,193,0.0547,0.14,pr,pr2020096036,2020-04-06T18:54:28.121Z,"3km WSW of Indios, Puerto Rico",earthquake,0.63,0.39,0.17,17,reviewed,pr,pr
2020-04-05T18:37:10.487Z,1.4007,126.4427,53.62,5.9,mww,,44,1.115,1.38,us,us70008peg,2020-04-06T18:38:53.207Z,"123km NW of Kota Ternate, Indonesia",earthquake,6.4,6.6,0.052,35,reviewed,us,us
2020-04-05T18:33:01.780Z,17.9353,-66.839,12,3.16,md,19,193,0.0566,0.16,pr,pr2020096037,2020-04-05T19:41:49.919Z,"6km SSW of Indios, Puerto Rico",earthquake,0.65,0.43,0.12,16,reviewed,pr,pr
2020-04-05T18:22:46.523Z,63.4901,-151.7756,8.6,2.8,ml,,,,1.2,ak,ak0204f2fxn6,2020-04-05T19:37:12.040Z,"127km W of Cantwell, Alaska",earthquake,,0.4,,,automatic,ak,ak
2020-04-05T18:19:16.164Z,44.3818,-115.1679,10,3,ml,,63,0.921,0.67,us,us70008pdw,2020-04-05T20:16:36.108Z,"71km ESE of Cascade, Idaho",earthquake,2,2,0.038,92,reviewed,us,us
2020-04-05T17:51:09.830Z,17.9585,-66.8561,11,2.55,md,14,191,0.0284,0.17,pr,pr2020096034,2020-04-05T18:27:42.956Z,"4km ESE of Maria Antonia, Puerto Rico",earthquake,0.48,0.41,0.19,9,reviewed,pr,pr
2020-04-05T17:50:30.744Z,26.4752,92.8224,49.42,4.7,mb,,79,1.254,0.79,us,us70008pdi,2020-04-07T14:24:47.482Z,"17km S of Tezpur, India",earthquake,6.5,6.7,0.096,33,reviewed,us,us
2020-04-05T17:49:07.673Z,44.3497,-115.1298,10,2.9,ml,,62,0.941,0.58,us,us70008pdf,2020-04-06T01:51:47.854Z,"73km WSW of Challis, Idaho",earthquake,2.5,2,0.041,78,reviewed,us,us
2020-04-05T17:12:32.647Z,44.3809,-115.1822,10,2.5,ml,,82,0.916,1,us,us70008pcp,2020-04-06T01:15:11.743Z,"70km ESE of Cascade, Idaho",earthquake,1.6,2,0.059,38,reviewed,us,us
2020-04-05T17:12:29.423Z,51.3748,-179.8647,18.27,3.9,ml,,195,0.523,0.34,us,us70008pew,2020-04-06T01:15:15.318Z,"54km WNW of Amatignak Island, Alaska",earthquake,6,12.8,0.115,10,reviewed,us,us
2020-04-05T17:03:18.280Z,17.9061,-66.8565,15,2.45,md,16,223,0.0726,0.13,pr,pr2020096042,2020-04-06T05:24:31.274Z,"8km SSE of Maria Antonia, Puerto Rico",earthquake,0.54,0.52,0.14,10,reviewed,pr,pr
2020-04-05T16:55:02.189Z,52.6026,173.22,38.3,4.3,mb,,85,0.55,0.52,us,us70008shd,2020-04-09T21:05:03.040Z,"27km S of Attu Station, Alaska",earthquake,6.1,7.4,0.099,29,reviewed,us,us
2020-04-05T16:39:45.840Z,17.9515,-66.8705,15,2.92,md,17,189,0.0252,0.4,pr,pr2020096040,2020-04-05T21:16:41.527Z,"3km SE of Maria Antonia, Puerto Rico",earthquake,1.43,0.93,0.28,14,reviewed,pr,pr
2020-04-05T16:35:02.660Z,17.9336,-66.8415,12,2.68,md,19,194,0.0561,0.24,pr,pr2020096032,2020-04-06T00:39:07.790Z,"7km SSW of Indios, Puerto Rico",earthquake,0.71,0.47,0.29,15,reviewed,pr,pr
2020-04-05T16:29:34.233Z,-20.1293,-70.1161,50.4,4.6,mwr,,121,0.26,0.52,us,us70008pbr,2020-04-09T20:38:56.173Z,"10km NNE of Iquique, Chile",earthquake,4.1,5.5,,,reviewed,us,guc
2020-04-05T16:27:57.162Z,17.9933,-66.8863,10,3.3,ml,,167,0.087,0.22,us,us70008pbk,2020-04-06T02:37:15.531Z,"1km N of Maria Antonia, Puerto Rico",earthquake,1.5,1.8,0.07,27,reviewed,us,us
2020-04-05T16:27:47.340Z,33.5071667,-116.519,13.14,2.62,ml,118,27,0.05119,0.18,ci,ci39134127,2020-04-09T20:36:07.040Z,"15km ESE of Anza, CA",earthquake,0.1,0.21,0.151,123,reviewed,ci,ci
2020-04-05T16:25:21.320Z,17.9663,-66.8818,8,3.5,ml,19,183,0.0092,0.17,pr,pr2020096029,2020-04-09T20:34:36.401Z,"7km S of Indios, Puerto Rico",earthquake,0.5,0.72,0.14,17,reviewed,pr,pr
2020-04-05T16:18:57.560Z,17.9305,-66.8435,13,2.48,md,14,209,0.0571,0.11,pr,pr2020096031,2020-04-05T17:36:29.491Z,"7km SSW of Indios, Puerto Rico",earthquake,0.62,0.35,0.27,12,reviewed,pr,pr
2020-04-05T15:47:55.928Z,44.2519,-115.1071,10,3.1,ml,,68,0.852,1.03,us,us70008pb3,2020-04-09T20:31:06.829Z,"74km NE of Idaho City, Idaho",earthquake,3.3,2,0.036,100,reviewed,us,us
2020-04-05T15:31:04.145Z,-47.6301,-75.5856,13.63,4.4,mb,,74,2.067,1.06,us,us70008pbi,2020-04-09T20:21:40.040Z,"231km WSW of Cochrane, Chile",earthquake,8.6,2.5,0.11,27,reviewed,us,us
2020-04-05T15:18:56.170Z,17.9306,-66.843,13,2.45,md,13,209,0.0574,0.13,pr,pr2020096028,2020-04-05T17:37:25.266Z,"7km SSW of Indios, Puerto Rico",earthquake,0.63,0.35,0.25,10,reviewed,pr,pr
2020-04-05T15:06:45.020Z,17.9325,-66.8433,12,2.92,md,18,194,0.0557,0.17,pr,pr2020096026,2020-04-05T23:15:04.065Z,"8km S of Indios, Puerto Rico",earthquake,0.63,0.4,0.32,17,reviewed,pr,pr
2020-04-05T14:54:56.250Z,17.9378,-66.8415,12,2.45,md,14,204,0.053,0.12,pr,pr2020096025,2020-04-05T15:52:34.983Z,"6km SSW of Indios, Puerto Rico",earthquake,0.61,0.45,0.1,11,reviewed,pr,pr
2020-04-05T14:50:56.790Z,17.9398,-66.8378,10,3.4,ml,19,192,0.0544,0.12,pr,pr2020096024,2020-04-06T14:52:31.406Z,"13km SSE of Guanica, Puerto Rico",earthquake,0.42,0.51,0.2,18,reviewed,pr,pr
2020-04-05T14:38:23.139Z,44.3235,-115.1651,10,2.5,ml,,94,0.934,0.84,us,us70008p9x,2020-04-09T20:29:27.040Z,"73km ESE of Cascade, Idaho",earthquake,2.1,2,0.055,44,reviewed,us,us
2020-04-05T14:30:17.870Z,17.926,-66.859,12,2.6,md,14,211,0.0531,0.12,pr,pr2020096023,2020-04-05T15:35:03.687Z,"6km SSE of Maria Antonia, Puerto Rico",earthquake,0.65,0.45,0.4,10,reviewed,pr,pr
2020-04-05T14:20:10.545Z,-31.7801,-71.6267,23.36,4.4,mwr,,131,0.613,0.58,us,us70008p9v,2020-04-09T19:47:16.453Z,"46km WSW of Illapel, Chile",earthquake,5.7,5.7,,,reviewed,us,guc
2020-04-05T14:18:29.879Z,-31.7572,-71.6142,35,4.3,mb,,115,0.614,0.55,us,us70008p9f,2020-04-09T19:43:27.444Z,"44km WSW of Illapel, Chile",earthquake,5.5,1.9,0.239,5,reviewed,us,us
2020-04-05T14:10:16.024Z,44.3146,-115.1508,10,3.5,mwr,,36,0.921,0.99,us,us70008p9b,2020-04-09T20:28:52.548Z,"74km ESE of Cascade, Idaho",earthquake,2.8,2,0.042,54,reviewed,us,us
2020-04-05T14:03:37.570Z,18.0201,-67.2411,41,3.27,md,18,225,0.2033,0.23,pr,pr2020096022,2020-04-05T15:20:48.603Z,"2km SSW of Puerto Real, Puerto Rico",earthquake,1.02,0.97,0.25,16,reviewed,pr,pr
2020-04-05T13:39:18.727Z,44.4179,-115.1807,10,2.5,ml,,60,0.888,0.77,us,us70008p90,2020-04-09T20:26:16.040Z,"69km E of Cascade, Idaho",earthquake,2.1,2,0.057,40,reviewed,us,us
2020-04-05T13:26:00.735Z,-6.2511,145.942,109.42,4.6,mb,,32,3.357,0.73,us,us70008p8u,2020-04-09T19:32:10.484Z,"9km ENE of Kainantu, Papua New Guinea",earthquake,7.3,6.3,0.076,51,reviewed,us,us
2020-04-05T13:22:54.022Z,81.3019,-4.5713,10,4.2,mb,,95,3.707,0.59,us,us70008sh5,2020-04-09T19:27:31.040Z,"222km E of Nord, Greenland",earthquake,10.2,1.9,0.118,20,reviewed,us,us
2020-04-05T11:41:52.720Z,44.4342,-115.1748,10,2.8,ml,,52,1.577,0.88,us,us70008p7i,2020-04-05T18:46:51.701Z,"69km E of Cascade, Idaho",earthquake,1.5,2,0.042,74,reviewed,us,us
2020-04-05T11:26:57.708Z,44.3583,-115.1843,9.33,3.8,mwr,,48,0.932,0.94,us,us70008p7a,2020-04-07T06:36:41.803Z,"70km ESE of Cascade, Idaho",earthquake,2.5,7.2,0.039,63,reviewed,us,us
2020-04-05T11:15:51.280Z,19.1685,-67.7045,30,3.52,md,19,243,0.8158,0.44,pr,pr2020096016,2020-04-05T17:17:54.781Z,"80km NW of San Antonio, Puerto Rico",earthquake,3.19,27.71,0.14,13,reviewed,pr,pr
2020-04-05T10:23:43.830Z,35.3696667,-118.0905,1.45,2.73,ml,57,30,0.1715,0.14,ci,ci39133167,2020-04-07T18:42:07.280Z,"29km NNW of California City, CA",earthquake,0.13,0.42,0.17,115,reviewed,ci,ci
2020-04-05T09:49:23.978Z,-6.8746,126.8623,404.9,4.3,mb,,53,3.845,0.75,us,us70008p6g,2020-04-05T10:36:56.040Z,"234km NE of Dili, East Timor",earthquake,5,9.4,0.101,28,reviewed,us,us
2020-04-05T09:27:48.353Z,44.3982,-115.1852,10,3.1,ml,,31,0.901,0.81,us,us70008p61,2020-04-05T15:11:02.475Z,"69km E of Cascade, Idaho",earthquake,2.2,2,0.041,80,reviewed,us,us
2020-04-05T09:24:43.140Z,17.9763,-66.8395,14,3.02,md,20,180,0.0397,0.13,pr,pr2020096015,2020-04-05T10:24:24.040Z,"7km S of Indios, Puerto Rico",earthquake,0.47,0.38,0.2,18,reviewed,pr,pr
2020-04-05T08:52:43.939Z,44.2045,-115.0738,10,2.7,ml,,85,0.799,0.6,us,us70008p5j,2020-04-05T09:08:45.040Z,"73km NE of Idaho City, Idaho",earthquake,1.9,2,0.071,26,reviewed,us,us
2020-04-05T08:47:20.710Z,17.8745,-66.8881,12,2.54,md,15,240,0.101,0.13,pr,pr2020096014,2020-04-05T09:37:22.123Z,"10km S of Guanica, Puerto Rico",earthquake,0.79,0.54,0.32,11,reviewed,pr,pr
2020-04-05T08:16:49.923Z,44.5069,-115.1751,10,2.5,ml,,123,0.826,0.67,us,us70008p4k,2020-04-05T08:33:05.040Z,"68km E of Cascade, Idaho",earthquake,3.2,2,0.085,18,reviewed,us,us
2020-04-05T08:14:56.030Z,17.9293,-66.8191,12,2.78,md,16,195,0.0756,0.15,pr,pr2020096013,2020-04-05T09:38:06.467Z,"7km S of Indios, Puerto Rico",earthquake,0.71,0.54,0.25,13,reviewed,pr,pr
2020-04-05T08:11:15.651Z,44.4739,-115.2091,10,3.3,ml,,106,0.833,0.61,us,us70008p4e,2020-04-05T17:56:57.661Z,"66km E of Cascade, Idaho",earthquake,2,2,0.04,84,reviewed,us,us
2020-04-05T08:05:27.610Z,17.956,-66.9633,7,2.96,md,18,191,0.082,0.11,pr,pr2020096011,2020-04-05T09:39:11.443Z,"6km WSW of Guanica, Puerto Rico",earthquake,0.44,0.23,0.37,16,reviewed,pr,pr
2020-04-05T07:24:08.607Z,23.4898,123.6111,10,4.6,mb,,100,1.117,0.8,us,us70008p3q,2020-04-05T07:47:57.040Z,"109km SSW of Ishigaki, Japan",earthquake,6.1,1.9,0.074,54,reviewed,us,us
2020-04-05T07:20:12.560Z,17.9931,-66.7963,15,2.88,md,20,161,0.0848,0.12,pr,pr2020096010,2020-04-05T15:22:43.929Z,"0km SW of Magas Arriba, Puerto Rico",earthquake,0.37,0.38,0.24,20,reviewed,pr,pr
2020-04-05T07:03:35.860Z,17.9475,-66.9138,10,2.93,md,20,198,0.0443,0.13,pr,pr2020096008,2020-04-05T08:42:53.040Z,"7km S of Guanica, Puerto Rico",earthquake,0.49,0.39,0.25,17,reviewed,pr,pr
2020-04-05T05:55:37.706Z,44.347,-115.1237,10,2.8,ml,,100,0.937,0.35,us,us70008p2s,2020-04-05T06:05:02.040Z,"73km WSW of Challis, Idaho",earthquake,1.8,2,0.051,50,reviewed,us,us
2020-04-05T05:37:00.326Z,44.4048,-115.1515,10,2.9,ml,,94,0.912,0.51,us,us70008p2i,2020-04-05T14:22:13.375Z,"71km E of Cascade, Idaho",earthquake,2,2,0.038,90,reviewed,us,us
2020-04-05T05:21:24.454Z,44.383,-115.2204,10,2.6,ml,,91,0.897,0.72,us,us70008p2b,2020-04-05T13:23:51.017Z,"67km ESE of Cascade, Idaho",earthquake,2.9,2,0.06,36,reviewed,us,us
2020-04-05T05:16:24.598Z,44.3245,-115.1948,10,2.5,ml,,96,0.947,0.32,us,us70008p28,2020-04-05T05:45:05.040Z,"70km ESE of Cascade, Idaho",earthquake,2.8,2,0.066,30,reviewed,us,us
2020-04-05T05:04:52.459Z,58.6746,-154.5952,109.7,2.5,ml,,,,0.58,ak,ak0204eulgen,2020-04-05T05:10:08.187Z,"119km E of King Salmon, Alaska",earthquake,,1.3,,,automatic,ak,ak
2020-04-05T05:04:46.960Z,-5.7877,151.7568,59.7,4.5,mb,,152,1.637,0.68,us,us70008p26,2020-04-05T05:30:44.040Z,"168km SSW of Kokopo, Papua New Guinea",earthquake,7.5,8.3,0.094,33,reviewed,us,us
2020-04-05T04:53:52.671Z,44.3524,-115.1167,10,2.9,ml,,50,0.938,1.1,us,us70008p1q,2020-04-05T05:02:00.040Z,"72km WSW of Challis, Idaho",earthquake,2.2,2,0.038,92,reviewed,us,us
2020-04-05T04:42:49.947Z,61.3848,-152.2406,0,2.8,ml,,,,0.68,ak,ak0204eu85pq,2020-04-07T18:36:04.780Z,"96km NNW of Nikiski, Alaska",earthquake,,0.3,,,automatic,ak,ak
2020-04-05T04:37:11.745Z,-17.6387,-178.4892,549.68,4.2,mb,,166,3.298,0.41,us,us70008sgn,2020-04-09T23:55:46.040Z,"263km ESE of Lambasa, Fiji",earthquake,10.6,9.8,0.158,11,reviewed,us,us
2020-04-05T04:32:23.039Z,36.375,-97.71983333,5,2.6,ml,84,35,0,0.24,ok,ok2020grxu,2020-04-06T13:10:10.752Z,"14km E of Enid, Oklahoma",earthquake,,0.5,0.19,34,reviewed,ok,ok
2020-04-05T04:31:06.163Z,-6.3529,104.9569,55.83,4.4,mb,,70,2.681,0.85,us,us70008sgp,2020-04-09T23:47:30.040Z,"82km WNW of Karangbolong, Indonesia",earthquake,7.4,5.4,0.144,16,reviewed,us,us
2020-04-05T04:26:28.060Z,17.9356,-66.9665,9,2.86,md,18,214,0.0848,0.1,pr,pr2020096009,2020-04-05T09:39:38.539Z,"7km WSW of Guanica, Puerto Rico",earthquake,0.61,0.48,0.38,12,reviewed,pr,pr
2020-04-05T04:09:54.097Z,-15.1667,167.404,125.16,4.3,mb,,172,6.308,1.04,us,us70008sgm,2020-04-09T23:27:48.040Z,"40km ESE of Port-Olry, Vanuatu",earthquake,15.5,7.9,0.154,12,reviewed,us,us
2020-04-05T04:06:39.350Z,38.7595,-122.7285,2.37,2.86,md,89,37,0.00353,0.07,nc,nc73364025,2020-04-07T06:38:04.019Z,"3km SE of The Geysers, CA",earthquake,0.11,0.15,0.213,89,reviewed,nc,nc
2020-04-05T03:55:18.620Z,17.9591,-66.8186,10,2.68,md,18,184,0.0627,0.12,pr,pr2020096007,2020-04-05T09:39:57.546Z,"3km S of Indios, Puerto Rico",earthquake,0.36,0.38,0.26,17,reviewed,pr,pr
2020-04-05T03:42:12.690Z,44.3826,-115.2175,10,2.7,ml,,49,0.899,1.06,us,us70008p11,2020-04-05T03:49:59.040Z,"67km ESE of Cascade, Idaho",earthquake,2.4,2,0.051,50,reviewed,us,us
2020-04-05T03:24:03.920Z,18.0165,-66.7681,15,2.52,md,18,94,0.1186,0.1,pr,pr2020096005,2020-04-05T04:07:57.608Z,"0km SE of Magas Arriba, Puerto Rico",earthquake,0.37,0.49,0.28,14,reviewed,pr,pr
2020-04-05T02:39:16.536Z,-36.3455,-96.9085,10,4.9,mb,,148,25.419,0.6,us,us70008p09,2020-04-05T02:57:01.040Z,"West Chile Rise",earthquake,12.7,1.8,0.056,101,reviewed,us,us
2020-04-05T02:33:10.672Z,44.3102,-115.1343,10,2.6,ml,,55,0.91,0.99,us,us70008p04,2020-04-05T02:46:03.040Z,"75km WSW of Challis, Idaho",earthquake,2,2,0.052,48,reviewed,us,us
2020-04-05T02:30:32.420Z,17.9731,-66.936,10,2.73,md,18,180,0.0568,0.14,pr,pr2020096004,2020-04-05T03:57:55.439Z,"2km W of Guanica, Puerto Rico",earthquake,0.49,0.45,0.31,18,reviewed,pr,pr
2020-04-05T02:23:20.100Z,17.961,-66.9373,11,3.63,md,20,189,0.0598,0.12,pr,pr2020096002,2020-04-06T02:24:40.420Z,"1km WSW of Guanica, Puerto Rico",earthquake,0.59,0.38,0.22,19,reviewed,pr,pr
2020-04-05T02:07:40.634Z,44.33,-115.038,10,3,ml,,50,0.89,0.8,us,us70008nzs,2020-04-05T02:14:32.040Z,"67km WSW of Challis, Idaho",earthquake,3,2,0.039,86,reviewed,us,us
2020-04-05T02:04:46.553Z,-2.9035,138.391,59.03,4.4,mb,,105,6.134,0.89,us,us70008nzu,2020-04-05T02:27:54.040Z,"245km W of Abepura, Indonesia",earthquake,4.9,8.3,0.134,16,reviewed,us,us
2020-04-05T01:27:25.000Z,17.822,-66.8738,6,2.72,md,17,262,0.1532,0.14,pr,pr2020096001,2020-04-05T02:36:18.040Z,"25km S of Guanica, Puerto Rico",earthquake,0.64,0.37,0.23,16,reviewed,pr,pr
2020-04-05T01:02:46.643Z,-35.4117,179.0751,10,4.3,mb,,246,2.233,1.07,us,us70008sgj,2020-04-09T23:41:54.126Z,"Off the east coast of the North Island of New Zealand",earthquake,13.9,2,0.217,6,reviewed,us,us
2020-04-05T01:01:53.546Z,44.5286,-115.246,10,2.7,ml,,32,1.137,0.82,us,us70008nyx,2020-04-05T01:11:42.040Z,"63km E of Cascade, Idaho",earthquake,4.1,2,0.049,54,reviewed,us,us
2020-04-05T00:56:23.505Z,44.4153,-115.1991,10,2.5,ml,,59,0.881,1.4,us,us70008nyv,2020-04-05T01:13:29.040Z,"67km E of Cascade, Idaho",earthquake,1.7,2,0.052,48,reviewed,us,us
2020-04-05T00:15:23.659Z,-8.6434,113.1343,127.89,5,mww,,54,1.021,1.22,us,us70008nye,2020-04-05T01:49:26.923Z,"40km SSE of Tegalrejo, Indonesia",earthquake,7.7,6,0.08,15,reviewed,us,us
2020-04-04T23:38:59.467Z,-23.3026,-179.8542,545.15,4.4,mb,,113,5.867,0.88,us,us70008nxt,2020-04-04T23:55:55.040Z,"South of the Fiji Islands",earthquake,13.1,10.2,0.075,51,reviewed,us,us
2020-04-04T23:30:30.880Z,17.9636,-66.8496,13,2.54,md,18,187,0.0318,0.13,pr,pr2020095047,2020-04-05T01:21:07.514Z,"4km SW of Indios, Puerto Rico",earthquake,0.58,0.28,0.22,15,reviewed,pr,pr
2020-04-04T23:21:16.250Z,18.0085,-66.7506,5,2.95,md,17,144,0.1329,0.13,pr,pr2020095044,2020-04-05T00:03:08.390Z,"2km ESE of Magas Arriba, Puerto Rico",earthquake,0.3,0.23,0.15,12,reviewed,pr,pr
2020-04-04T22:03:52.397Z,44.5416,-115.2077,10,2.5,ml,,55,0.785,0.8,us,us70008nvy,2020-04-04T22:44:17.040Z,"66km E of Cascade, Idaho",earthquake,2.2,2,0.059,38,reviewed,us,us
2020-04-04T21:10:41.702Z,17.9362,-66.8366,10,2.5,ml,,202,0.099,0.49,us,us70008nuu,2020-04-04T22:22:55.040Z,"6km SSW of Indios, Puerto Rico",earthquake,1.1,1.8,0.065,31,reviewed,us,us
2020-04-04T20:58:37.533Z,14.1228,-92.6894,21.6,4.5,mb,,181,1.043,0.94,us,us70008nup,2020-04-04T21:41:51.040Z,"68km SW of Ocos, Guatemala",earthquake,7.6,6.4,0.061,80,reviewed,us,us
2020-04-04T20:53:20.194Z,44.3855,-115.1123,10,2.8,ml,,60,0.945,0.86,us,us70008nul,2020-04-04T21:26:25.040Z,"71km W of Challis, Idaho",earthquake,2.7,2,0.047,60,reviewed,us,us
2020-04-04T20:22:46.090Z,17.9306,-66.825,12,2.75,md,16,209,0.0701,0.09,pr,pr2020095042,2020-04-04T21:52:20.316Z,"7km S of Indios, Puerto Rico",earthquake,0.55,0.34,0.22,10,reviewed,pr,pr
2020-04-04T20:00:21.230Z,17.9805,-66.9825,13,2.45,md,17,167,0.0627,0.16,pr,pr2020095043,2020-04-04T22:32:35.777Z,"6km E of La Parguera, Puerto Rico",earthquake,0.57,0.26,0.44,13,reviewed,pr,pr
2020-04-04T19:34:56.470Z,17.836,-66.8653,9,2.97,md,19,256,0.1398,0.1,pr,pr2020095041,2020-04-04T21:10:52.040Z,"20km SSE of Guanica, Puerto Rico",earthquake,0.62,0.9,0.4,17,reviewed,pr,pr
2020-04-04T19:25:59.600Z,17.909,-66.9036,3,2.72,md,17,223,0.0705,0.25,pr,pr2020095040,2020-04-04T19:57:29.863Z,"6km S of Guanica, Puerto Rico",earthquake,0.67,0.59,0.15,10,reviewed,pr,pr
2020-04-04T18:57:12.260Z,17.9083,-66.8751,11,2.49,md,14,221,0.0669,0.14,pr,pr2020095037,2020-04-05T02:59:53.765Z,"7km SSE of Guanica, Puerto Rico",earthquake,0.77,0.59,0.46,9,reviewed,pr,pr
2020-04-04T18:54:38.170Z,33.4995,-116.5246667,10.26,2.48,ml,108,26,0.05809,0.19,ci,ci39130943,2020-04-08T00:43:43.148Z,"15km ESE of Anza, CA",earthquake,0.11,0.21,0.171,114,reviewed,ci,ci
2020-04-04T18:51:14.290Z,18.0486,-66.8166,15,2.62,md,6,129,0.0965,0.06,pr,pr2020095036,2020-04-04T19:12:37.718Z,"3km ENE of Yauco, Puerto Rico",earthquake,1.42,1.85,0.07,5,reviewed,pr,pr
2020-04-04T18:37:58.219Z,44.3749,-115.1819,19.27,2.5,ml,,64,0.92,0.86,us,us70008nrz,2020-04-04T20:35:38.040Z,"70km ESE of Cascade, Idaho",earthquake,2.1,9.8,0.048,56,reviewed,us,us
2020-04-04T18:27:51.680Z,17.809,-66.875,6,2.66,md,18,266,0.1661,0.14,pr,pr2020095038,2020-04-04T19:51:43.351Z,"18km S of Guanica, Puerto Rico",earthquake,0.59,0.48,0.33,13,reviewed,pr,pr
2020-04-04T18:01:17.737Z,30.8687,-103.4655,5,3.3,ml,,70,0.131,0.65,us,us70008nrc,2020-04-05T14:10:49.701Z,"51km NE of Fort Davis, Texas",earthquake,1.7,1.9,0.04,82,reviewed,us,us
2020-04-04T17:53:14.677Z,44.3824,-115.1985,14.4,2.7,ml,,60,0.907,0.87,us,us70008nra,2020-04-04T20:27:39.040Z,"68km ESE of Cascade, Idaho",earthquake,2.7,2.1,0.04,84,reviewed,us,us
2020-04-04T17:45:32.980Z,36.5128333,-121.0963333,7.19,2.56,md,48,78,0.06523,0.07,nc,nc73363775,2020-04-07T00:39:05.190Z,"5km ESE of Pinnacles, CA",earthquake,0.18,0.34,0.219,50,reviewed,nc,nc
2020-04-04T17:38:53.210Z,17.9633,-66.837,12,2.45,md,4,210,0.0438,0.11,pr,pr2020095033,2020-04-04T17:57:14.907Z,"3km SSW of Indios, Puerto Rico",earthquake,1.22,0.64,0.07,4,reviewed,pr,pr
2020-04-04T16:29:33.562Z,44.4122,-115.1927,10,3.3,ml,,60,0.887,0.63,us,us70008npt,2020-04-04T23:08:52.980Z,"68km E of Cascade, Idaho",earthquake,1.9,2,0.041,80,reviewed,us,us
2020-04-04T16:28:56.160Z,18.0038,-66.79,7,2.97,md,20,150,0.0937,0.12,pr,pr2020095035,2020-04-05T00:31:28.179Z,"1km S of Guayanilla, Puerto Rico",earthquake,0.35,0.19,0.31,17,reviewed,pr,pr
2020-04-04T16:18:45.410Z,44.4648,-115.2837,10,2.7,ml,,60,0.805,0.61,us,us70008npk,2020-04-04T17:28:15.040Z,"60km E of Cascade, Idaho",earthquake,2.9,2,0.048,58,reviewed,us,us
2020-04-04T16:12:57.340Z,17.9113,-66.8416,13,3.04,md,20,220,0.0741,0.14,pr,pr2020095031,2020-04-04T17:24:07.040Z,"10km S of Indios, Puerto Rico",earthquake,0.76,0.39,0.47,18,reviewed,pr,pr
2020-04-04T15:49:04.942Z,44.5107,-115.2567,10,3.2,ml,,64,0.782,0.9,us,us70008np8,2020-04-04T15:58:18.040Z,"62km E of Cascade, Idaho",earthquake,2.2,2,0.055,44,reviewed,us,us
2020-04-04T15:41:11.590Z,44.4979,-115.2661,10,3.8,ml,,64,1.119,1.07,us,us70008np6,2020-04-05T15:42:06.096Z,"61km E of Cascade, Idaho",earthquake,3.8,2,0.036,102,reviewed,us,us
2020-04-04T15:26:35.240Z,17.9618,-66.8446,9,2.48,md,14,189,0.0371,0.14,pr,pr2020095030,2020-04-04T17:20:09.522Z,"4km SW of Indios, Puerto Rico",earthquake,0.47,0.57,0.2,8,reviewed,pr,pr
2020-04-04T15:03:49.500Z,17.8073,-66.857,8,2.68,md,10,268,0.1693,0.14,pr,pr2020095027,2020-04-04T15:52:56.359Z,"18km SSE of Guanica, Puerto Rico",earthquake,0.8,1.95,0.16,9,reviewed,pr,pr
2020-04-04T14:46:44.070Z,17.9471,-66.9458,5,2.69,md,14,201,0.0722,0.12,pr,pr2020095026,2020-04-04T15:31:12.430Z,"4km SW of Guanica, Puerto Rico",earthquake,0.51,0.38,0.53,11,reviewed,pr,pr
2020-04-04T14:15:45.060Z,44.4512,-115.2102,10,2.7,ml,,61,0.849,0.88,us,us70008nmv,2020-04-04T17:21:56.040Z,"66km E of Cascade, Idaho",earthquake,2.2,2,0.055,44,reviewed,us,us
2020-04-04T13:32:54.234Z,44.3396,-115.1713,10,2.5,ml,,63,0.95,0.96,us,us70008nmh,2020-04-04T17:16:50.040Z,"72km ESE of Cascade, Idaho",earthquake,3,2,0.059,38,reviewed,us,us
2020-04-04T12:14:43.090Z,17.9843,-66.7843,12,2.45,md,16,172,0.0953,0.13,pr,pr2020095022,2020-04-04T12:56:05.377Z,"3km SSE of Guayanilla, Puerto Rico",earthquake,0.42,0.33,0.19,10,reviewed,pr,pr
2020-04-04T12:11:21.479Z,-7.3439,156.1651,59.75,5,mb,,73,4.282,0.62,us,us70008nlk,2020-04-04T12:31:12.040Z,"88km SSW of Chirovanga, Solomon Islands",earthquake,8.7,7.3,0.06,88,reviewed,us,us
2020-04-04T11:49:17.950Z,33.4978333,-116.5191667,9.96,2.81,ml,119,27,0.06032,0.18,ci,ci39129687,2020-04-06T20:00:15.150Z,"16km ESE of Anza, CA",earthquake,0.1,0.22,0.15,142,reviewed,ci,ci
2020-04-04T11:13:54.510Z,17.8675,-66.8728,11,2.82,md,18,242,0.1078,0.13,pr,pr2020095019,2020-04-04T11:39:18.214Z,"12km SSE of Guanica, Puerto Rico",earthquake,0.53,0.69,0.33,16,reviewed,pr,pr
2020-04-04T11:03:14.920Z,17.9195,-66.8478,11,2.86,md,19,215,0.0639,0.15,pr,pr2020095018,2020-04-04T11:29:37.040Z,"7km SSE of Maria Antonia, Puerto Rico",earthquake,0.71,0.54,0.35,17,reviewed,pr,pr
2020-04-04T10:38:13.549Z,-20.6766,-68.8769,108.99,4.2,mb,,44,0.592,0.64,us,us70008nk4,2020-04-04T10:59:24.040Z,"141km ESE of Iquique, Chile",earthquake,5.8,5.9,0.175,9,reviewed,us,us
2020-04-04T09:24:18.243Z,-19.4943,-173.236,10,5.3,mb,,48,8.441,0.73,us,us70008ni4,2020-04-07T02:49:18.040Z,"121km ENE of Pangai, Tonga",earthquake,11,1.8,0.035,275,reviewed,us,us
2020-04-04T08:49:04.570Z,40.744,-112.0406667,9.47,2.65,ml,43,37,0.01742,0.18,uu,uu60373827,2020-04-09T19:19:05.718Z,"5km NE of Magna, Utah",earthquake,0.27,0.53,0.148,15,reviewed,uu,uu
2020-04-04T08:22:06.180Z,-11.0018,164.4003,10,4.8,mb,,60,4.65,0.83,us,us70008nh6,2020-04-04T08:43:13.040Z,"159km WSW of Lata, Solomon Islands",earthquake,4.4,1.9,0.109,26,reviewed,us,us
2020-04-04T07:25:05.240Z,17.9916,-66.832,14,2.7,md,19,156,0.05,0.11,pr,pr2020095013,2020-04-04T08:41:14.241Z,"1km WSW of Indios, Puerto Rico",earthquake,0.39,0.39,0.28,18,reviewed,pr,pr
2020-04-04T07:19:33.809Z,44.4202,-115.2426,10,3.1,ml,,25,0.858,0.74,us,us70008nfn,2020-04-04T08:55:22.040Z,"64km E of Cascade, Idaho",earthquake,4.4,2,0.038,92,reviewed,us,us
2020-04-04T07:05:43.000Z,17.8573,-66.8726,12,2.76,md,20,248,0.118,0.24,pr,pr2020095012,2020-04-04T07:47:05.831Z,"13km SSE of Guanica, Puerto Rico",earthquake,0.85,0.64,0.37,17,reviewed,pr,pr
2020-04-04T06:18:25.522Z,54.8309,166.1747,20.69,5.4,mww,,112,4.801,0.69,us,us70008nel,2020-04-07T02:41:48.040Z,"42km SSE of Nikol'skoye, Russia",earthquake,8.6,6.3,0.078,16,reviewed,us,us
2020-04-04T06:15:01.349Z,44.4428,-115.2111,10,2.6,ml,,57,0.855,0.65,us,us70008nei,2020-04-04T15:22:43.540Z,"66km E of Cascade, Idaho",earthquake,2.5,2,0.048,58,reviewed,us,us
2020-04-04T05:33:40.020Z,17.962,-66.9841,4,2.51,md,14,192,0.0606,0.19,pr,pr2020095008,2020-04-04T06:09:04.419Z,"6km ESE of La Parguera, Puerto Rico",earthquake,0.41,0.37,0.22,11,reviewed,pr,pr
2020-04-04T05:12:35.150Z,33.4921667,-116.5118333,9.85,3.46,mw,146,27,0.0671,0.2,ci,ci39128103,2020-04-10T18:58:41.011Z,"16km ESE of Anza, CA",earthquake,0.1,0.27,,4,reviewed,ci,ci
2020-04-04T04:54:43.732Z,-31.2087,-68.8786,104.93,4.9,mww,,30,0.374,1.1,us,us70008nd5,2020-04-04T16:53:03.899Z,"40km NNW of Zonda, Argentina",earthquake,6.9,5,0.068,21,reviewed,us,us
2020-04-04T04:36:08.688Z,44.3848,-115.1455,10,3.1,ml,,50,0.93,1.05,us,us70008ncs,2020-04-04T14:22:45.790Z,"72km ESE of Cascade, Idaho",earthquake,1.8,2,0.039,88,reviewed,us,us
2020-04-04T04:07:22.120Z,33.4913333,-116.5188333,9.62,3.6,mw,147,26,0.06677,0.22,ci,ci39127679,2020-04-05T21:53:53.845Z,"16km ESE of Anza, CA",earthquake,0.11,0.3,,6,reviewed,ci,ci
2020-04-04T04:02:05.745Z,44.5095,-115.2092,10,2.5,ml,,42,0.807,0.91,us,us70008nc5,2020-04-04T04:27:37.040Z,"66km E of Cascade, Idaho",earthquake,2.6,2,0.056,42,reviewed,us,us
2020-04-04T03:55:31.023Z,28.633,129.2715,77.09,4.8,mb,,101,1.997,1.04,us,us70008nc1,2020-04-04T04:11:04.040Z,"36km NW of Naze, Japan",earthquake,8.4,7.9,0.073,58,reviewed,us,us
2020-04-04T03:44:15.129Z,37.4547,-115.0519,5.3,2.5,ml,7,66.88,0.048,0.2266,nn,nn00721102,2020-04-04T16:57:21.863Z,"14km NE of Alamo, Nevada",earthquake,,1.6,0.58,4,reviewed,nn,nn
2020-04-04T03:33:08.050Z,36.37616667,-97.718,5,3.6,mwr,93,35,0,0.21,ok,ok2020gqai,2020-04-08T04:56:14.492Z,"14km E of Enid, Oklahoma",earthquake,,0.4,,43,reviewed,ok,us
2020-04-04T03:17:46.630Z,35.0101667,-118.4986667,2.35,3.49,mw,142,19,0.1304,0.24,ci,ci39127167,2020-04-09T20:58:20.508Z,"14km SSW of Tehachapi, CA",earthquake,0.13,0.48,,4,reviewed,ci,ci
2020-04-04T02:59:23.280Z,33.5011667,-116.519,10.37,3.11,ml,123,26,0.05707,0.19,ci,ci39126951,2020-04-06T15:34:06.564Z,"16km ESE of Anza, CA",earthquake,0.1,0.23,0.157,185,reviewed,ci,ci
2020-04-04T02:57:46.944Z,44.3362,-115.2293,10,2.7,ml,,60,0.93,0.81,us,us70008nat,2020-04-04T03:22:23.530Z,"67km ESE of Cascade, Idaho",earthquake,3.2,2,0.049,54,reviewed,us,us
2020-04-04T02:40:06.390Z,18.0211,-66.7485,15,3.24,md,20,130,0.1386,0.12,pr,pr2020095003,2020-04-04T22:08:18.397Z,"1km SE of Santo Domingo, Puerto Rico",earthquake,0.27,0.38,0.09,13,reviewed,pr,pr
2020-04-04T02:26:34.187Z,44.4028,-115.1776,10,2.8,ml,,93,0.901,1.03,us,us70008nac,2020-04-04T10:29:28.871Z,"69km E of Cascade, Idaho",earthquake,2.9,2,0.055,44,reviewed,us,us
2020-04-04T02:16:24.880Z,33.4966667,-116.5198333,10.26,2.55,ml,103,27,0.06139,0.19,ci,ci39126455,2020-04-07T15:55:49.470Z,"16km ESE of Anza, CA",earthquake,0.11,0.26,0.161,100,reviewed,ci,ci
2020-04-04T02:07:52.290Z,33.4896667,-116.5031667,8.06,2.48,ml,102,23,0.07154,0.24,ci,ci39126287,2020-04-09T23:57:33.700Z,"17km ESE of Anza, CA",earthquake,0.14,0.45,0.183,127,reviewed,ci,ci
2020-04-04T02:06:17.760Z,33.4975,-116.5133333,10.52,2.47,ml,86,27,0.06163,0.2,ci,ci39126271,2020-04-09T20:41:54.057Z,"16km ESE of Anza, CA",earthquake,0.13,0.28,0.158,12,reviewed,ci,ci
2020-04-04T02:05:00.170Z,33.4946667,-116.5153333,10.28,3.66,mw,145,23,0.06402,0.2,ci,ci39126263,2020-04-09T05:22:19.052Z,"16km ESE of Anza, CA",earthquake,0.1,0.26,,4,reviewed,ci,ci
2020-04-04T01:56:57.670Z,33.496,-116.5066667,10.78,2.57,ml,84,27,0.06462,0.22,ci,ci39126135,2020-04-07T16:25:40.110Z,"17km ESE of Anza, CA",earthquake,0.16,0.5,0.136,34,reviewed,ci,ci
2020-04-04T01:55:35.800Z,33.4801667,-116.4903333,9.21,3.07,ml,115,27,0.08428,0.22,ci,ci39126103,2020-04-06T17:55:08.829Z,"19km ESE of Anza, CA",earthquake,0.13,0.34,0.124,12,reviewed,ci,ci
2020-04-04T01:55:32.860Z,33.499,-116.5126667,10.27,2.45,ml,72,56,0.06032,0.19,ci,ci39126095,2020-04-07T15:56:02.026Z,"16km ESE of Anza, CA",earthquake,0.18,0.37,0.099,6,reviewed,ci,ci
2020-04-04T01:54:22.570Z,33.4931667,-116.505,10.31,3.76,mlr,128,28,0.06774,0.23,ci,ci39126087,2020-04-05T01:58:14.297Z,"17km ESE of Anza, CA",earthquake,0.11,0.29,0.244,14,reviewed,ci,ci
2020-04-04T01:53:18.920Z,33.4895,-116.5063333,10.45,4.87,mw,175,23,0.07088,0.22,ci,ci39126079,2020-04-10T06:17:08.723Z,"17km ESE of Anza, CA",earthquake,0.1,0.27,,6,reviewed,ci,ci
2020-04-04T01:52:50.705Z,-55.9099,-27.744,72.96,5.1,mb,,104,5.279,0.85,us,us70008n9q,2020-04-04T02:10:20.040Z,"94km NNW of Visokoi Island, South Georgia and the South Sandwich Islands",earthquake,11.2,7.7,0.088,42,reviewed,us,us
2020-04-04T01:46:10.696Z,44.517,-115.1978,10,3,ml,,54,0.807,0.49,us,us70008n98,2020-04-04T13:57:33.410Z,"67km E of Cascade, Idaho",earthquake,2.9,2,0.048,58,reviewed,us,us
2020-04-04T01:41:31.840Z,44.4985,-115.2108,10,2.6,ml,,61,0.814,0.49,us,us70008n94,2020-04-04T02:52:06.040Z,"66km E of Cascade, Idaho",earthquake,2.9,2,0.056,42,reviewed,us,us
2020-04-04T01:09:17.540Z,17.9243,-66.8403,16,2.74,md,20,213,0.064,0.14,pr,pr2020095007,2020-04-04T09:12:01.466Z,"6km SSW of Indios, Puerto Rico",earthquake,0.64,0.46,0.19,10,reviewed,pr,pr
2020-04-04T01:08:12.510Z,17.9345,-66.8418,15,2.96,md,20,194,0.0552,0.16,pr,pr2020095000,2020-04-04T01:51:24.302Z,"5km SSW of Indios, Puerto Rico",earthquake,0.72,0.51,0.17,19,reviewed,pr,pr
2020-04-04T00:45:51.928Z,32.6292,85.4271,10,4.4,mb,,91,4.806,0.85,us,us70008sd4,2020-04-10T02:14:09.040Z,"122km ENE of Luring, China",earthquake,10.4,1.9,0.143,14,reviewed,us,us
2020-04-04T00:45:35.091Z,44.2744,-115.2386,5,2.7,ml,,67,0.928,1.21,us,us70008n80,2020-04-04T19:52:27.079Z,"68km NE of Idaho City, Idaho",earthquake,1.8,1.9,0.046,62,reviewed,us,us
2020-04-04T00:27:38.970Z,18.0663,-68.6441,143,3.58,md,13,223,1.339,0.44,pr,pr2020095004,2020-04-04T20:48:16.040Z,"26km S of Boca de Yuma, Dominican Republic",earthquake,4.93,2.44,0.18,12,reviewed,pr,pr
2020-04-03T23:59:33.530Z,17.8851,-66.8678,14,2.57,md,20,234,0.0907,0.25,pr,pr2020094030,2020-04-04T00:43:41.432Z,"10km SSE of Guanica, Puerto Rico",earthquake,0.76,0.91,0.37,19,reviewed,pr,pr
2020-04-03T23:47:06.630Z,17.8705,-66.87,13,2.82,md,20,241,0.105,0.24,pr,pr2020094028,2020-04-05T02:54:58.040Z,"16km SSE of Guanica, Puerto Rico",earthquake,0.86,0.48,0.46,19,reviewed,pr,pr
2020-04-03T23:45:17.055Z,-5.2113,145.9056,93.99,4,mb,,118,4.347,0.84,us,us70008rqz,2020-04-10T02:09:04.040Z,"12km E of Madang, Papua New Guinea",earthquake,10.2,12.8,0.15,12,reviewed,us,us
2020-04-03T23:21:45.825Z,-12.9167,166.4484,35,4.4,mb,,124,2.619,1.05,us,us70008rqy,2020-04-10T02:04:47.040Z,"160km NW of Sola, Vanuatu",earthquake,5.9,2,0.12,20,reviewed,us,us
2020-04-03T23:13:23.876Z,-5.9659,151.8354,10,4.6,mb,,83,1.793,0.66,us,us70008rqx,2020-04-10T01:56:38.040Z,"184km SSW of Kokopo, Papua New Guinea",earthquake,11.5,1.9,0.053,107,reviewed,us,us
2020-04-03T22:54:42.225Z,32.6804,85.5495,10,4.8,mb,,83,4.831,0.76,us,us70008n5a,2020-04-03T23:14:35.040Z,"134km ENE of Luring, China",earthquake,8.8,1.9,0.069,65,reviewed,us,us
2020-04-03T22:50:49.686Z,-58.658,-25.2733,27.8,5,mww,,68,7.598,0.79,us,us70008n56,2020-04-06T21:05:39.040Z,"83km ENE of Bristol Island, South Sandwich Islands",earthquake,10.4,3.8,0.117,7,reviewed,us,us
2020-04-03T22:50:03.408Z,44.2873,-115.1973,5,2.7,ml,,66,0.919,1.31,us,us70008n50,2020-04-03T22:57:52.040Z,"71km ESE of Cascade, Idaho",earthquake,3,1.9,0.048,56,reviewed,us,us
2020-04-03T22:49:48.660Z,19.2161674,-155.3966675,30.84,2.6,ml,53,152,0.02124,0.12,hv,hv71457862,2020-04-03T23:20:09.040Z,"7km NE of Pahala, Hawaii",earthquake,0.54,0.63,3.18,35,automatic,hv,hv
2020-04-03T22:35:29.949Z,36.3745,-97.7205,5,3.65,mwr,88,35,0,0.2,ok,ok2020gpqn,2020-04-05T02:57:03.759Z,"15km E of Enid, Oklahoma",earthquake,,0.4,,35,reviewed,ok,us
2020-04-03T22:14:17.790Z,1.9268,128.4541,64,4.4,mb,,108,1.58,0.62,us,us70008n43,2020-04-03T22:36:19.040Z,"54km ENE of Tobelo, Indonesia",earthquake,10,9,0.105,26,reviewed,us,us
2020-04-03T21:57:24.455Z,44.3287,-115.227,5,3,ml,,116,0.938,0.72,us,us70008n3p,2020-04-04T15:33:03.910Z,"68km ESE of Cascade, Idaho",earthquake,2.5,2,0.04,82,reviewed,us,us
2020-04-03T21:52:44.531Z,44.2235,-115.1142,5,2.5,ml,,69,0.832,0.81,us,us70008n3j,2020-04-03T22:06:45.040Z,"72km NE of Idaho City, Idaho",earthquake,1.6,2,0.052,48,reviewed,us,us
2020-04-03T21:34:35.247Z,44.356,-115.2231,5,2.7,ml,,63,0.917,1.2,us,us70008n33,2020-04-03T21:52:56.493Z,"67km ESE of Cascade, Idaho",earthquake,2.3,2,0.048,56,reviewed,us,us
2020-04-03T21:11:41.669Z,44.269,-115.2761,5,2.5,ml,,67,0.941,1.28,us,us70008n1z,2020-04-03T21:33:56.103Z,"66km ESE of Cascade, Idaho",earthquake,2.9,2,0.064,32,reviewed,us,us
